gauge_id,river_basin,cwc_river,cwc_site_name,hydrobasins_group,hydrorivers_group,flow_availability,cwc_area,lat,lon,connectivity_group,target_status,split_reason
03002,Godavari,Godavari/Indravati/Narangi,Ambabal,MAIN_BAS_4060027780_PFAF_453448,HYRIV_41208575_DOWN_41209960,54.93,1968.0,19.2967,81.7889,COMP_00_GODAVARI_SIZE_50,SOURCE_GAUGED_TRAIN,Allocated to Candidate Source / Training set. Hydrologically isolated from test and validation basins.
03005,Godavari,Godavari/Pranhita/Wainganga,Ashti,MAIN_BAS_4060027780_PFAF_453464,HYRIV_41199253_DOWN_41199370,95.16,50990.0,19.6867,79.7856,COMP_00_GODAVARI_SIZE_50,SOURCE_GAUGED_TRAIN,Allocated to Candidate Source / Training set. Hydrologically isolated from test and validation basins.
03008,Godavari,Godavari/Pranhita/Wardha,Bamni,MAIN_BAS_4060027780_PFAF_453465,HYRIV_41195109_DOWN_41195110,94.88,46020.0,19.8139,79.3794,COMP_00_GODAVARI_SIZE_50,SOURCE_GAUGED_TRAIN,Allocated to Candidate Source / Training set. Hydrologically isolated from test and validation basins.
03009,Godavari,Godavari/Manjira/Manar,Betmogrra,MAIN_BAS_4060027780_PFAF_453482,HYRIV_41224987_DOWN_41225222,47.37,2105.0,18.705,77.545,COMP_00_GODAVARI_SIZE_50,SOURCE_GAUGED_TRAIN,Allocated to Candidate Source / Training set. Hydrologically isolated from test and validation basins.
03013,Godavari,Godavari/Pranhita/Peddavagu,Bhatpalli,MAIN_BAS_4060027780_PFAF_453462,HYRIV_41207603_DOWN_41207500,78.54,3100.0,19.3303,79.5042,COMP_00_GODAVARI_SIZE_50,SOURCE_GAUGED_TRAIN,Allocated to Candidate Source / Training set. Hydrologically isolated from test and validation basins.
03014,Godavari,Godavari/Pranhita/Wardha,Bhisnur,MAIN_BAS_4060027780_PFAF_453466,HYRIV_41161192_DOWN_41164363,42.48,5000.0,21.1072,78.1331,COMP_00_GODAVARI_SIZE_50,SOURCE_GAUGED_TRAIN,Allocated to Candidate Source / Training set. Hydrologically isolated from test and validation basins.
03017,Godavari,Godavari/Indravati/Bardha,Cherribeda,MAIN_BAS_4060027780_PFAF_453446,HYRIV_41199670_DOWN_41200381,49.01,890.0,19.6464,81.4861,COMP_00_GODAVARI_SIZE_50,SOURCE_GAUGED_TRAIN,Allocated to Candidate Source / Training set. Hydrologically isolated from test and validation basins.
03018,Godavari,Godavari/Indravati,Chindnar,MAIN_BAS_4060027780_PFAF_453445,HYRIV_41214156_DOWN_41213638,90.07,17270.0,19.0794,81.3011,COMP_00_GODAVARI_SIZE_50,SOURCE_GAUGED_TRAIN,Allocated to Candidate Source / Training set. Hydrologically isolated from test and validation basins.
03019,Godavari,Godavari/Manjira/Lendi,Degloor,MAIN_BAS_4060027780_PFAF_453484,HYRIV_41229041_DOWN_41229339,72.87,1900.0,18.5622,77.5831,COMP_00_GODAVARI_SIZE_50,SOURCE_GAUGED_TRAIN,Allocated to Candidate Source / Training set. Hydrologically isolated from test and validation basins.
03020,Godavari,Godavari,Dhalegaon,MAIN_BAS_4060027780_PFAF_453493,HYRIV_41210588_DOWN_41210923,87.45,30840.0,19.2203,76.3633,COMP_00_GODAVARI_SIZE_50,SOURCE_GAUGED_TRAIN,Allocated to Candidate Source / Training set. Hydrologically isolated from test and validation basins.
03024,Godavari,Godavari/Peddavagu,Gandlapet,MAIN_BAS_4060027780_PFAF_453476,HYRIV_41221312_DOWN_41220066,73.18,1360.0,18.8289,78.4367,COMP_00_GODAVARI_SIZE_50,SOURCE_GAUGED_TRAIN,Allocated to Candidate Source / Training set. Hydrologically isolated from test and validation basins.
03028,Godavari,Godavari/Pranhita/Wardha,Ghugus,MAIN_BAS_4060027780_PFAF_453466,HYRIV_41192278_DOWN_41192624,63.05,21429.0,19.9472,79.0892,COMP_00_GODAVARI_SIZE_50,SOURCE_GAUGED_TRAIN,Allocated to Candidate Source / Training set. Hydrologically isolated from test and validation basins.
03029,Godavari,Godavari,G.R.Bridge,MAIN_BAS_4060027780_PFAF_453493,HYRIV_41215824_DOWN_41216709,89.41,33934.0,19.0217,76.7292,COMP_00_GODAVARI_SIZE_50,SOURCE_GAUGED_TRAIN,Allocated to Candidate Source / Training set. Hydrologically isolated from test and validation basins.
03030,Godavari,Godavari/Pranhita/Wardha,Hivra,MAIN_BAS_4060027780_PFAF_453466,HYRIV_41176031_DOWN_41176382,73.06,10240.0,20.5472,78.3247,COMP_00_GODAVARI_SIZE_50,SOURCE_GAUGED_TRAIN,Allocated to Candidate Source / Training set. Hydrologically isolated from test and validation basins.
03031,Godavari,Godavari/Indravati,Jagdalpur,MAIN_BAS_4060027780_PFAF_453449,HYRIV_41213414_DOWN_41213162,89.81,7380.0,19.1081,82.0228,COMP_00_GODAVARI_SIZE_50,SOURCE_GAUGED_TRAIN,Allocated to Candidate Source / Training set. Hydrologically isolated from test and validation basins.
03038,Godavari,Godavari/Pranhita/Wardha/Penganga,Kanhargaon,MAIN_BAS_4060027780_PFAF_453469,HYRIV_41191314_DOWN_41190590,57.95,3515.0,19.9611,77.1481,COMP_00_GODAVARI_SIZE_50,SOURCE_GAUGED_TRAIN,Allocated to Candidate Source / Training set. Hydrologically isolated from test and validation basins.
03040,Godavari,Godavari/Pranhita/Wainganga,Keolari,MAIN_BAS_4060027780_PFAF_453464,HYRIV_41110770_DOWN_41109967,78.39,2970.0,22.3819,79.9,COMP_00_GODAVARI_SIZE_50,SOURCE_GAUGED_TRAIN,Allocated to Candidate Source / Training set. Hydrologically isolated from test and validation basins.
03043,Godavari,Godavari,Koida,MAIN_BAS_4060027780_PFAF_453410,HYRIV_41256505_DOWN_41256815,64.48,305460.0,17.4875,81.3875,COMP_00_GODAVARI_SIZE_50,SOURCE_GAUGED_TRAIN,Allocated to Candidate Source / Training set. Hydrologically isolated from test and validation basins.
03045,Godavari,Godavari/Sabari,Konta,MAIN_BAS_4060027780_PFAF_453420,HYRIV_41248751_DOWN_41249183,90.45,19550.0,17.7989,81.3928,COMP_00_GODAVARI_SIZE_50,SOURCE_GAUGED_TRAIN,Allocated to Candidate Source / Training set. Hydrologically isolated from test and validation basins.
03047,Godavari,Godavari/Indravati/Baskal,Kosagumda,MAIN_BAS_4060027780_PFAF_453449,HYRIV_41209564_DOWN_41209563,43.04,1635.0,19.2772,82.2333,COMP_00_GODAVARI_SIZE_50,SOURCE_GAUGED_TRAIN,Allocated to Candidate Source / Training set. Hydrologically isolated from test and validation basins.
03048,Godavari,Godavari/Pranhita/Wainganga,Kumhari,MAIN_BAS_4060027780_PFAF_453464,HYRIV_41132962_DOWN_41133330,79.67,8070.0,21.8842,80.175,COMP_00_GODAVARI_SIZE_50,SOURCE_GAUGED_TRAIN,Allocated to Candidate Source / Training set. Hydrologically isolated from test and validation basins.
03055,Godavari,Godavari,Mancherial,MAIN_BAS_4060027780_PFAF_453473,HYRIV_41220808_DOWN_41221064,93.15,102900.0,18.8358,79.4447,COMP_00_GODAVARI_SIZE_50,SOURCE_GAUGED_TRAIN,Allocated to Candidate Source / Training set. Hydrologically isolated from test and validation basins.
03056,Godavari,Godavari/Pranhita/Wardha/Penganga/Aran,Mangrul,MAIN_BAS_4060027780_PFAF_453468,HYRIV_41186150_DOWN_41186445,59.98,2500.0,20.1889,77.9869,COMP_00_GODAVARI_SIZE_50,SOURCE_GAUGED_TRAIN,Allocated to Candidate Source / Training set. Hydrologically isolated from test and validation basins.
03057,Godavari,Godavari/Pranhita/Indravati,Mirdapalli,MAIN_BAS_4060027780_PFAF_453445,HYRIV_41208804_DOWN_41207997,56.17,24210.0,19.2989,80.6892,COMP_00_GODAVARI_SIZE_50,SOURCE_GAUGED_TRAIN,Allocated to Candidate Source / Training set. Hydrologically isolated from test and validation basins.
03064,Godavari,Godavari/Pranhita/Wardha/Wunna,Nandgaon,MAIN_BAS_4060027780_PFAF_453466,HYRIV_41177411_DOWN_41177754,78.42,4580.0,20.5256,78.8089,COMP_00_GODAVARI_SIZE_50,SOURCE_GAUGED_TRAIN,Allocated to Candidate Source / Training set. Hydrologically isolated from test and validation basins.
03068,Godavari,Godavari/Indravati,Nowrangpur,MAIN_BAS_4060027780_PFAF_453449,HYRIV_41211362_DOWN_41211361,90.34,3545.0,19.1975,82.5119,COMP_00_GODAVARI_SIZE_50,SOURCE_GAUGED_TRAIN,Allocated to Candidate Source / Training set. Hydrologically isolated from test and validation basins.
03069,Godavari,Godavari/Pravara,Pachegaon,MAIN_BAS_4060027780_PFAF_453498,HYRIV_41202197_DOWN_41202198,38.09,5800.0,19.5344,74.8339,COMP_00_GODAVARI_SIZE_50,SOURCE_GAUGED_TRAIN,Allocated to Candidate Source / Training set. Hydrologically isolated from test and validation basins.
03071,Godavari,Godavari/Indravati,Pathagudem,MAIN_BAS_4060027780_PFAF_453441,HYRIV_41221434_DOWN_41221642,92.26,40000.0,18.8525,80.3494,COMP_00_GODAVARI_SIZE_50,SOURCE_GAUGED_TRAIN,Allocated to Candidate Source / Training set. Hydrologically isolated from test and validation basins.
03072,Godavari,Godavari/Pranhita/Wainganga,Pauni,MAIN_BAS_4060027780_PFAF_453464,HYRIV_41169277_DOWN_41169623,63.11,35520.0,20.7931,79.6483,COMP_00_GODAVARI_SIZE_50,SOURCE_GAUGED_TRAIN,Allocated to Candidate Source / Training set. Hydrologically isolated from test and validation basins.
03073,Godavari,Godavari,Perur,MAIN_BAS_4060027780_PFAF_453430,HYRIV_41228047_DOWN_41229054,94.32,268200.0,18.5872,80.3958,COMP_00_GODAVARI_SIZE_50,SOURCE_GAUGED_TRAIN,Allocated to Candidate Source / Training set. Hydrologically isolated from test and validation basins.
03074,Godavari,Godavari/Pranhita/Wardha/Penganga,P.G.Bridge,MAIN_BAS_4060027780_PFAF_453467,HYRIV_41195105_DOWN_41195349,84.11,18441.0,19.8175,78.5778,COMP_00_GODAVARI_SIZE_50,SOURCE_GAUGED_TRAIN,Allocated to Candidate Source / Training set. Hydrologically isolated from test and validation basins.
03075,Godavari,Godavari,Polavaram,MAIN_BAS_4060027780_PFAF_453410,HYRIV_41262275_DOWN_41262452,94.03,307800.0,17.2519,81.6564,COMP_00_GODAVARI_SIZE_50,SOURCE_GAUGED_TRAIN,Allocated to Candidate Source / Training set. Hydrologically isolated from test and validation basins.
03076,Godavari,Godavari/Sabari/Potteru Vagu,Potteru (Seasonal),MAIN_BAS_4060027780_PFAF_453420,HYRIV_41238436_DOWN_41239134,38.78,1120.0,18.1894,81.7981,COMP_00_GODAVARI_SIZE_50,SOURCE_GAUGED_TRAIN,Allocated to Candidate Source / Training set. Hydrologically isolated from test and validation basins.
03079,Godavari,Godavari/Purna,Purna,MAIN_BAS_4060027780_PFAF_453492,HYRIV_41212212_DOWN_41213264,73.87,15000.0,19.1758,77.0131,COMP_00_GODAVARI_SIZE_50,SOURCE_GAUGED_TRAIN,Allocated to Candidate Source / Training set. Hydrologically isolated from test and validation basins.
03081,Godavari,Godavari/Pranhita/Bagh,Rajegaon,MAIN_BAS_4060027780_PFAF_453464,HYRIV_41142975_DOWN_41142424,77.65,5380.0,21.6256,80.2539,COMP_00_GODAVARI_SIZE_50,SOURCE_GAUGED_TRAIN,Allocated to Candidate Source / Training set. Hydrologically isolated from test and validation basins.
03082,Godavari,Godavari/Pranhita/Wardha/Andhari/Mul,Rajoli,MAIN_BAS_4060027780_PFAF_453464,HYRIV_41185634_DOWN_41185725,74.01,1900.0,20.1936,79.6656,COMP_00_GODAVARI_SIZE_50,SOURCE_GAUGED_TRAIN,Allocated to Candidate Source / Training set. Hydrologically isolated from test and validation basins.
03083,Godavari,Godavari/Pranhita/Kanhan,Ramakona,MAIN_BAS_4060027780_PFAF_453464,HYRIV_41139455_DOWN_41140255,77.4,2500.0,21.7189,78.8242,COMP_00_GODAVARI_SIZE_50,SOURCE_GAUGED_TRAIN,Allocated to Candidate Source / Training set. Hydrologically isolated from test and validation basins.
03085,Godavari,Godavari/Manjira,Saigaon,MAIN_BAS_4060027780_PFAF_453487,HYRIV_41241512_DOWN_41241266,56.14,9960.0,18.0758,77.0525,COMP_00_GODAVARI_SIZE_50,SOURCE_GAUGED_TRAIN,Allocated to Candidate Source / Training set. Hydrologically isolated from test and validation basins.
03087,Godavari,Godavari/Pranhita/Wardha,Sakmur,MAIN_BAS_4060027780_PFAF_453465,HYRIV_41201778_DOWN_41201362,60.46,47500.0,19.5614,79.6133,COMP_00_GODAVARI_SIZE_50,SOURCE_GAUGED_TRAIN,Allocated to Candidate Source / Training set. Hydrologically isolated from test and validation basins.
03089,Godavari,Godavari/Pranhita/Wainganga/Chulband,Salebardi,MAIN_BAS_4060027780_PFAF_453464,HYRIV_41165797_DOWN_41166294,73.16,1800.0,20.9122,79.9264,COMP_00_GODAVARI_SIZE_50,SOURCE_GAUGED_TRAIN,Allocated to Candidate Source / Training set. Hydrologically isolated from test and validation basins.
03091,Godavari,Godavari/Kinnerasani/Murredu,Sangam (Murredu),MAIN_BAS_4060027780_PFAF_453430,HYRIV_41254449_DOWN_41253392,30.9,1565.0,17.5908,80.8192,COMP_00_GODAVARI_SIZE_50,SOURCE_GAUGED_TRAIN,Allocated to Candidate Source / Training set. Hydrologically isolated from test and validation basins.
03092,Godavari,Godavari/Sabari,Saradaput,MAIN_BAS_4060027780_PFAF_453420,HYRIV_41226705_DOWN_41226822,89.98,3047.0,18.6125,82.1428,COMP_00_GODAVARI_SIZE_50,SOURCE_GAUGED_TRAIN,Allocated to Candidate Source / Training set. Hydrologically isolated from test and validation basins.
03094,Godavari,Godavari/Pranhita/Wainganga/Kanhan,Satrapur,MAIN_BAS_4060027780_PFAF_453464,HYRIV_41156603_DOWN_41156983,79.85,11100.0,21.2167,79.2331,COMP_00_GODAVARI_SIZE_50,SOURCE_GAUGED_TRAIN,Allocated to Candidate Source / Training set. Hydrologically isolated from test and validation basins.
03098,Godavari,Godavari/Maner,Somanpally (Seasonal),MAIN_BAS_4060027780_PFAF_453472,HYRIV_41228046_DOWN_41226700,83.73,12691.0,18.62,79.8044,COMP_00_GODAVARI_SIZE_50,SOURCE_GAUGED_TRAIN,Allocated to Candidate Source / Training set. Hydrologically isolated from test and validation basins.
03099,Godavari,Godavari/Indravati/NarangiMarkandi,Sonarpal,MAIN_BAS_4060027780_PFAF_453448,HYRIV_41209016_DOWN_41209110,59.78,1523.0,19.2697,81.8839,COMP_00_GODAVARI_SIZE_50,SOURCE_GAUGED_TRAIN,Allocated to Candidate Source / Training set. Hydrologically isolated from test and validation basins.
03103,Godavari,Godavari/Pranhita/Pranhita,Tekra,MAIN_BAS_4060027780_PFAF_453461,HYRIV_41217271_DOWN_41217491,92.87,108780.0,18.9783,79.9469,COMP_00_GODAVARI_SIZE_50,SOURCE_GAUGED_TRAIN,Allocated to Candidate Source / Training set. Hydrologically isolated from test and validation basins.
03105,Godavari,Godavari/Indravati/Dantewara,Tumnar,MAIN_BAS_4060027780_PFAF_453445,HYRIV_41217062_DOWN_41216285,61.81,1700.0,19.0122,81.2325,COMP_00_GODAVARI_SIZE_50,SOURCE_GAUGED_TRAIN,Allocated to Candidate Source / Training set. Hydrologically isolated from test and validation basins.
03107,Godavari,Godavari/Pranhita/Wainganga/Khobragarhi,Wairagarh,MAIN_BAS_4060027780_PFAF_453464,HYRIV_41179673_DOWN_41179882,58.37,2600.0,20.4219,80.0917,COMP_00_GODAVARI_SIZE_50,SOURCE_GAUGED_TRAIN,Allocated to Candidate Source / Training set. Hydrologically isolated from test and validation basins.
03109,Godavari,Godavari,Yelli,MAIN_BAS_4060027780_PFAF_453491,HYRIV_41215371_DOWN_41216046,89.67,53630.0,19.0439,77.4556,COMP_00_GODAVARI_SIZE_50,SOURCE_GAUGED_TRAIN,Allocated to Candidate Source / Training set. Hydrologically isolated from test and validation basins.
03110,Godavari,Godavari/Purna Dudhna,Zari,MAIN_BAS_4060027780_PFAF_453492,HYRIV_41206341_DOWN_41207113,36.89,5550.0,19.3958,76.7708,COMP_00_GODAVARI_SIZE_50,SOURCE_GAUGED_TRAIN,Allocated to Candidate Source / Training set. Hydrologically isolated from test and validation basins.
04003,Krishna,Krishna,Arjunwad (Seasonal),MAIN_BAS_4060027940_PFAF_453667,HYRIV_41273990_DOWN_41274630,87.35,12660.0,16.7808,74.6333,COMP_01_KRISHNA_SIZE_41,SOURCE_GAUGED_TRAIN,Allocated to Candidate Source / Training set. Hydrologically isolated from test and validation basins.
04004,Krishna,Krishna/Tungabhadra,Bawapuram,MAIN_BAS_4060027940_PFAF_453643,HYRIV_41294757_DOWN_41295122,95.0,67180.0,15.8833,77.9572,COMP_01_KRISHNA_SIZE_41,SOURCE_GAUGED_TRAIN,Allocated to Candidate Source / Training set. Hydrologically isolated from test and validation basins.
04005,Krishna,Krishna/Tungabhadra/Tunga,Byaladahalli,MAIN_BAS_4060027940_PFAF_453649,HYRIV_41321952_DOWN_41321727,69.66,2300.0,14.4339,75.7797,COMP_01_KRISHNA_SIZE_41,SOURCE_GAUGED_TRAIN,Allocated to Candidate Source / Training set. Hydrologically isolated from test and validation basins.
04006,Krishna,Krishna/Malaprabha,Cholachugudda,MAIN_BAS_4060027940_PFAF_453664,HYRIV_41295281_DOWN_41294748,72.42,9373.0,15.8717,75.7228,COMP_01_KRISHNA_SIZE_41,SOURCE_GAUGED_TRAIN,Allocated to Candidate Source / Training set. Hydrologically isolated from test and validation basins.
04007,Krishna,Krishna/Musi,Dameracherla,MAIN_BAS_4060027940_PFAF_453620,HYRIV_41275919_DOWN_41276250,95.26,11501.0,16.7392,79.6697,COMP_01_KRISHNA_SIZE_41,SOURCE_GAUGED_TRAIN,Allocated to Candidate Source / Training set. Hydrologically isolated from test and validation basins.
04012,Krishna,Krishna/Halia,Halia,MAIN_BAS_4060027940_PFAF_453630,HYRIV_41274299_DOWN_41274868,84.35,3100.0,16.79,79.3387,COMP_01_KRISHNA_SIZE_41,SOURCE_GAUGED_TRAIN,Allocated to Candidate Source / Training set. Hydrologically isolated from test and validation basins.
04013,Krishna,Krishna/Tungabhadra,Haralahalli,MAIN_BAS_4060027940_PFAF_453649,HYRIV_41314916_DOWN_41313993,92.89,14582.0,14.8306,75.6744,COMP_01_KRISHNA_SIZE_41,SOURCE_GAUGED_TRAIN,Allocated to Candidate Source / Training set. Hydrologically isolated from test and validation basins.
04015,Krishna,Krishna/Tungabhadra/Tunga,Holehonnur,MAIN_BAS_4060027940_PFAF_453649,HYRIV_41331851_DOWN_41330832,35.04,2990.0,13.9761,75.6853,COMP_01_KRISHNA_SIZE_41,SOURCE_GAUGED_TRAIN,Allocated to Candidate Source / Training set. Hydrologically isolated from test and validation basins.
04016,Krishna,Krishna/Tungabhadra,Honnali,MAIN_BAS_4060027940_PFAF_453649,HYRIV_41325959_DOWN_41325491,78.74,7075.0,14.2372,75.6625,COMP_01_KRISHNA_SIZE_41,SOURCE_GAUGED_TRAIN,Allocated to Candidate Source / Training set. Hydrologically isolated from test and validation basins.
04017,Krishna,Krishna,Huvinhedigi,MAIN_BAS_4060027940_PFAF_453661,HYRIV_41281352_DOWN_41281079,94.32,55150.0,16.4911,76.9231,COMP_01_KRISHNA_SIZE_41,SOURCE_GAUGED_TRAIN,Allocated to Candidate Source / Training set. Hydrologically isolated from test and validation basins.
04018,Krishna,Krishna/Bhima/Kagna,Jeewangi,MAIN_BAS_4060027940_PFAF_453670,HYRIV_41262058_DOWN_41262549,64.47,1920.0,17.2544,77.4628,COMP_01_KRISHNA_SIZE_41,SOURCE_GAUGED_TRAIN,Allocated to Candidate Source / Training set. Hydrologically isolated from test and validation basins.
04019,Krishna,Krishna,K. Agraharam,MAIN_BAS_4060027940_PFAF_453650,HYRIV_41286806_DOWN_41287587,63.51,132920.0,16.2592,77.8411,COMP_01_KRISHNA_SIZE_41,SOURCE_GAUGED_TRAIN,Allocated to Candidate Source / Training set. Hydrologically isolated from test and validation basins.
04021,Krishna,Krishna,Karad,MAIN_BAS_4060027940_PFAF_453667,HYRIV_41261414_DOWN_41261691,95.04,5462.0,17.2944,74.1903,COMP_01_KRISHNA_SIZE_41,SOURCE_GAUGED_TRAIN,Allocated to Candidate Source / Training set. Hydrologically isolated from test and validation basins.
04022,Krishna,Krishna/Munneru,Keesara,MAIN_BAS_4060027940_PFAF_453610,HYRIV_41277862_DOWN_41278782,95.36,9854.0,16.7156,80.3164,COMP_01_KRISHNA_SIZE_41,SOURCE_GAUGED_TRAIN,Allocated to Candidate Source / Training set. Hydrologically isolated from test and validation basins.
04023,Krishna,Krishna Tungabhadra/Vedavathi,Kellodu,MAIN_BAS_4060027940_PFAF_453644,HYRIV_41335515_DOWN_41335301,61.99,4320.0,13.7542,76.3197,COMP_01_KRISHNA_SIZE_41,SOURCE_GAUGED_TRAIN,Allocated to Candidate Source / Training set. Hydrologically isolated from test and validation basins.
04024,Krishna,Krishna/Bhima/Borinala,Kokangaon,MAIN_BAS_4060027940_PFAF_453691,HYRIV_41261777_DOWN_41261332,66.53,1640.0,17.2864,75.6372,COMP_01_KRISHNA_SIZE_41,SOURCE_GAUGED_TRAIN,Allocated to Candidate Source / Training set. Hydrologically isolated from test and validation basins.
04025,Krishna,Krishna Tungabhadra/Kumudavathi,Kuppellur,MAIN_BAS_4060027940_PFAF_453649,HYRIV_41320803_DOWN_41320589,58.87,1850.0,14.5,75.6339,COMP_01_KRISHNA_SIZE_41,SOURCE_GAUGED_TRAIN,Allocated to Candidate Source / Training set. Hydrologically isolated from test and validation basins.
04026,Krishna,Krishna,Kurundwad,MAIN_BAS_4060027940_PFAF_453667,HYRIV_41276735_DOWN_41277606,95.54,15190.0,16.6836,74.6031,COMP_01_KRISHNA_SIZE_41,SOURCE_GAUGED_TRAIN,Allocated to Candidate Source / Training set. Hydrologically isolated from test and validation basins.
04028,Krishna,Krishna/Munneru/Wyra,Madhira,MAIN_BAS_4060027940_PFAF_453610,HYRIV_41271218_DOWN_41272087,84.42,1850.0,16.9181,80.3558,COMP_01_KRISHNA_SIZE_41,SOURCE_GAUGED_TRAIN,Allocated to Candidate Source / Training set. Hydrologically isolated from test and validation basins.
04030,Krishna,Krishna/Bhima/,Malkhed,MAIN_BAS_4060027940_PFAF_453670,HYRIV_41263654_DOWN_41264342,69.54,7650.0,17.2031,77.1572,COMP_01_KRISHNA_SIZE_41,SOURCE_GAUGED_TRAIN,Allocated to Candidate Source / Training set. Hydrologically isolated from test and validation basins.
04031,Krishna,Krishna/Tungabhadra,Mantralayam,MAIN_BAS_4060027940_PFAF_453643,HYRIV_41293659_DOWN_41293494,94.72,60630.0,15.9483,77.4264,COMP_01_KRISHNA_SIZE_41,SOURCE_GAUGED_TRAIN,Allocated to Candidate Source / Training set. Hydrologically isolated from test and validation basins.
04032,Krishna,Krishna Tungabhadra/Varada,Marol,MAIN_BAS_4060027940_PFAF_453648,HYRIV_41312592_DOWN_41312673,67.39,4901.0,14.9389,75.6181,COMP_01_KRISHNA_SIZE_41,SOURCE_GAUGED_TRAIN,Allocated to Candidate Source / Training set. Hydrologically isolated from test and validation basins.
04038,Krishna,Krishna/Bhima,Narsingpur,MAIN_BAS_4060027940_PFAF_453693,HYRIV_41243951_DOWN_41244722,95.3,22856.0,17.9722,75.1392,COMP_01_KRISHNA_SIZE_41,SOURCE_GAUGED_TRAIN,Allocated to Candidate Source / Training set. Hydrologically isolated from test and validation basins.
04039,Krishna,Krishna/Malaprabha/Bennihalla,Navalagund,MAIN_BAS_4060027940_PFAF_453664,HYRIV_41300854_DOWN_41300855,36.71,2952.0,15.55,75.3667,COMP_01_KRISHNA_SIZE_41,SOURCE_GAUGED_TRAIN,Allocated to Candidate Source / Training set. Hydrologically isolated from test and validation basins.
04040,Krishna,Krishna/Tungabhadra,Oollenur,MAIN_BAS_4060027940_PFAF_453645,HYRIV_41302329_DOWN_41302331,56.64,33018.0,15.4917,76.7169,COMP_01_KRISHNA_SIZE_41,SOURCE_GAUGED_TRAIN,Allocated to Candidate Source / Training set. Hydrologically isolated from test and validation basins.
04041,Krishna,Krishna/Paleru,Paleru Bridge,MAIN_BAS_4060027940_PFAF_453610,HYRIV_41271216_DOWN_41271649,78.95,2928.0,16.9489,80.0478,COMP_01_KRISHNA_SIZE_41,SOURCE_GAUGED_TRAIN,Allocated to Candidate Source / Training set. Hydrologically isolated from test and validation basins.
04044,Krishna,Krishna/Bhima,Phulgaon (Seasonal),MAIN_BAS_4060027940_PFAF_453699,HYRIV_41225551_DOWN_41226092,54.59,2205.0,18.6669,74.0022,COMP_01_KRISHNA_SIZE_41,SOURCE_GAUGED_TRAIN,Allocated to Candidate Source / Training set. Hydrologically isolated from test and validation basins.
04047,Krishna,Krishna/Dudhganga,Sadalga (Seasonal),MAIN_BAS_4060027940_PFAF_453667,HYRIV_41279575_DOWN_41278987,69.89,2322.0,16.5639,74.5275,COMP_01_KRISHNA_SIZE_41,SOURCE_GAUGED_TRAIN,Allocated to Candidate Source / Training set. Hydrologically isolated from test and validation basins.
04048,Krishna,Krishna/Varna,Samdoli (Seasonal),MAIN_BAS_4060027940_PFAF_453667,HYRIV_41272276_DOWN_41272180,86.44,1948.0,16.855,74.4967,COMP_01_KRISHNA_SIZE_41,SOURCE_GAUGED_TRAIN,Allocated to Candidate Source / Training set. Hydrologically isolated from test and validation basins.
04049,Krishna,Krishna/Bhima/Nira,Sarati,MAIN_BAS_4060027940_PFAF_453694,HYRIV_41245935_DOWN_41245936,87.93,7200.0,17.9114,75.0075,COMP_01_KRISHNA_SIZE_41,SOURCE_GAUGED_TRAIN,Allocated to Candidate Source / Training set. Hydrologically isolated from test and validation basins.
04050,Krishna,Tungabhadra/Tunga,Shimoga,MAIN_BAS_4060027940_PFAF_453649,HYRIV_41331930_DOWN_41331760,90.75,2831.0,13.9269,75.585,COMP_01_KRISHNA_SIZE_41,SOURCE_GAUGED_TRAIN,Allocated to Candidate Source / Training set. Hydrologically isolated from test and validation basins.
04051,Krishna,Krishna/Bhima/Borinala/Doddanala,Shirdhon,MAIN_BAS_4060027940_PFAF_453691,HYRIV_41259417_DOWN_41258787,66.91,630.0,17.3686,75.5942,COMP_01_KRISHNA_SIZE_41,SOURCE_GAUGED_TRAIN,Allocated to Candidate Source / Training set. Hydrologically isolated from test and validation basins.
04054,Krishna,Krishna/Bhima,Takli,MAIN_BAS_4060027940_PFAF_453691,HYRIV_41258965_DOWN_41259647,95.46,33916.0,17.4131,75.8478,COMP_01_KRISHNA_SIZE_41,SOURCE_GAUGED_TRAIN,Allocated to Candidate Source / Training set. Hydrologically isolated from test and validation basins.
04055,Krishna,Krishna/Don,Talikot,MAIN_BAS_4060027940_PFAF_453662,HYRIV_41281768_DOWN_41282279,39.85,2486.0,16.4728,76.2842,COMP_01_KRISHNA_SIZE_41,SOURCE_GAUGED_TRAIN,Allocated to Candidate Source / Training set. Hydrologically isolated from test and validation basins.
04056,Krishna,Krishna/Panchganga,Terwad (Seasonal),MAIN_BAS_4060027940_PFAF_453667,HYRIV_41277060_DOWN_41276417,83.18,2425.0,16.6753,74.5736,COMP_01_KRISHNA_SIZE_41,SOURCE_GAUGED_TRAIN,Allocated to Candidate Source / Training set. Hydrologically isolated from test and validation basins.
04057,Krishna,Krishna/Tungabhadra/Hagari,T. Ramapuram (Seasonal),MAIN_BAS_4060027940_PFAF_453644,HYRIV_41299688_DOWN_41299084,84.89,23500.0,15.6611,76.9628,COMP_01_KRISHNA_SIZE_41,SOURCE_GAUGED_TRAIN,Allocated to Candidate Source / Training set. Hydrologically isolated from test and validation basins.
04060,Krishna,Krishna,Vijayawada,MAIN_BAS_4060027940_PFAF_453610,HYRIV_41281665_DOWN_41283510,84.9,251360.0,16.5011,80.625,COMP_01_KRISHNA_SIZE_41,SOURCE_GAUGED_TRAIN,Allocated to Candidate Source / Training set. Hydrologically isolated from test and validation basins.
04061,Krishna,Krishna/Bhima/Sina,Wadakbal,MAIN_BAS_4060027940_PFAF_453680,HYRIV_41255399_DOWN_41255620,95.34,12092.0,17.5342,75.885,COMP_01_KRISHNA_SIZE_41,SOURCE_GAUGED_TRAIN,Allocated to Candidate Source / Training set. Hydrologically isolated from test and validation basins.
04062,Krishna,Krishna,Wadenapally,MAIN_BAS_4060027940_PFAF_453610,HYRIV_41274194_DOWN_41273190,95.43,235544.0,16.7942,80.0692,COMP_01_KRISHNA_SIZE_41,SOURCE_GAUGED_TRAIN,Allocated to Candidate Source / Training set. Hydrologically isolated from test and validation basins.
04063,Krishna,Krishna/Koyna,Warunjli,MAIN_BAS_4060027940_PFAF_453669,HYRIV_41261872_DOWN_41261414,95.35,1890.0,17.2722,74.165,COMP_01_KRISHNA_SIZE_41,SOURCE_GAUGED_TRAIN,Allocated to Candidate Source / Training set. Hydrologically isolated from test and validation basins.
04064,Krishna,Krishna/Bhima,Yadgir,MAIN_BAS_4060027940_PFAF_453670,HYRIV_41276019_DOWN_41276325,95.48,69863.0,16.7375,77.1253,COMP_01_KRISHNA_SIZE_41,SOURCE_GAUGED_TRAIN,Allocated to Candidate Source / Training set. Hydrologically isolated from test and validation basins.
05001,Cauvery,Hemavati,Akkihebbal,MAIN_BAS_4060028760_PFAF_453809,HYRIV_41356486_DOWN_41356553,40.46,5236.0,12.6028,76.4008,COMP_02_CAUVERY_SIZE_21,HELD_OUT_GAUGED_VAL,Allocated to Candidate Validation split. Basin 'Cauvery' held out to tune hyperparameters on distinct regional topography and climate.
05002,Cauvery,Cauvery,Biligundulu,MAIN_BAS_4060028760_PFAF_453805,HYRIV_41363905_DOWN_41364389,95.0,36682.0,12.1822,77.7239,COMP_02_CAUVERY_SIZE_21,HELD_OUT_GAUGED_VAL,Allocated to Candidate Validation split. Basin 'Cauvery' held out to tune hyperparameters on distinct regional topography and climate.
05004,Cauvery,Cauvery/Noyyal,Elunuthimangalam,MAIN_BAS_4060028760_PFAF_453803,HYRIV_41380311_DOWN_41380199,46.24,3386.0,11.0317,77.8875,COMP_02_CAUVERY_SIZE_21,HELD_OUT_GAUGED_VAL,Allocated to Candidate Validation split. Basin 'Cauvery' held out to tune hyperparameters on distinct regional topography and climate.
05005,Cauvery,Cauvery/Chinnar,Hogenakkal,MAIN_BAS_4060028760_PFAF_453805,HYRIV_41364916_DOWN_41365791,50.65,1636.0,12.1208,77.7856,COMP_02_CAUVERY_SIZE_21,HELD_OUT_GAUGED_VAL,Allocated to Candidate Validation split. Basin 'Cauvery' held out to tune hyperparameters on distinct regional topography and climate.
05007,Cauvery,Cauvery/Lakshmanthirtha,K.M.Vadi,MAIN_BAS_4060028760_PFAF_453809,HYRIV_41361105_DOWN_41360698,91.65,1330.0,12.3461,76.2878,COMP_02_CAUVERY_SIZE_21,HELD_OUT_GAUGED_VAL,Allocated to Candidate Validation split. Basin 'Cauvery' held out to tune hyperparameters on distinct regional topography and climate.
05008,Cauvery,Cauvery,Kodumudi,MAIN_BAS_4060028760_PFAF_453803,HYRIV_41379794_DOWN_41379795,94.16,53233.0,11.0811,77.8903,COMP_02_CAUVERY_SIZE_21,HELD_OUT_GAUGED_VAL,Allocated to Candidate Validation split. Basin 'Cauvery' held out to tune hyperparameters on distinct regional topography and climate.
05010,Cauvery,Cauvery,Kudige,MAIN_BAS_4060028760_PFAF_453809,HYRIV_41358186_DOWN_41357660,94.87,1934.0,12.5025,75.9619,COMP_02_CAUVERY_SIZE_21,HELD_OUT_GAUGED_VAL,Allocated to Candidate Validation split. Basin 'Cauvery' held out to tune hyperparameters on distinct regional topography and climate.
05012,Cauvery,Cauvery,Musiri,MAIN_BAS_4060028760_PFAF_453801,HYRIV_41381368_DOWN_41381528,87.28,66243.0,10.9433,78.435,COMP_02_CAUVERY_SIZE_21,HELD_OUT_GAUGED_VAL,Allocated to Candidate Validation split. Basin 'Cauvery' held out to tune hyperparameters on distinct regional topography and climate.
05013,Cauvery,Cauvery/Kabini,Muthankera,MAIN_BAS_4060028760_PFAF_453808,HYRIV_41369721_DOWN_41369645,95.16,1260.0,11.8083,76.0839,COMP_02_CAUVERY_SIZE_21,HELD_OUT_GAUGED_VAL,Allocated to Candidate Validation split. Basin 'Cauvery' held out to tune hyperparameters on distinct regional topography and climate.
05014,Cauvery,Cauvery/Amaravathi,Nallamaranpatty,MAIN_BAS_4060028760_PFAF_453802,HYRIV_41381931_DOWN_41381425,90.24,9080.0,10.8808,77.9847,COMP_02_CAUVERY_SIZE_21,HELD_OUT_GAUGED_VAL,Allocated to Candidate Validation split. Basin 'Cauvery' held out to tune hyperparameters on distinct regional topography and climate.
05015,Cauvery,Cauvery/Bhavani,Nellithurai,MAIN_BAS_4060028760_PFAF_453804,HYRIV_41377082_DOWN_41376776,89.42,1475.0,11.2878,76.8911,COMP_02_CAUVERY_SIZE_21,HELD_OUT_GAUGED_VAL,Allocated to Candidate Validation split. Basin 'Cauvery' held out to tune hyperparameters on distinct regional topography and climate.
05017,Cauvery,Cauvery/Hemavati,Sakleshpur,MAIN_BAS_4060028760_PFAF_453809,HYRIV_41350355_DOWN_41350583,40.63,617.0,12.9436,75.7936,COMP_02_CAUVERY_SIZE_21,HELD_OUT_GAUGED_VAL,Allocated to Candidate Validation split. Basin 'Cauvery' held out to tune hyperparameters on distinct regional topography and climate.
05018,Cauvery,Cauvery/Bhavani,Savandapur,MAIN_BAS_4060028760_PFAF_453804,HYRIV_41374051_DOWN_41374343,94.99,5776.0,11.5217,77.51,COMP_02_CAUVERY_SIZE_21,HELD_OUT_GAUGED_VAL,Allocated to Candidate Validation split. Basin 'Cauvery' held out to tune hyperparameters on distinct regional topography and climate.
05021,Cauvery,Cauvery/Arkavati,T.Bekuppe,MAIN_BAS_4060028760_PFAF_453805,HYRIV_41358445_DOWN_41358947,31.87,3500.0,12.5167,77.4333,COMP_02_CAUVERY_SIZE_21,HELD_OUT_GAUGED_VAL,Allocated to Candidate Validation split. Basin 'Cauvery' held out to tune hyperparameters on distinct regional topography and climate.
05022,Cauvery,Cauvery/Bhavani/Moyar,Thengumarahada,MAIN_BAS_4060028760_PFAF_453804,HYRIV_41373430_DOWN_41373491,94.99,1370.0,11.5728,76.9192,COMP_02_CAUVERY_SIZE_21,HELD_OUT_GAUGED_VAL,Allocated to Candidate Validation split. Basin 'Cauvery' held out to tune hyperparameters on distinct regional topography and climate.
05023,Cauvery,Cauvery/Sarabenga,Thevur,MAIN_BAS_4060028760_PFAF_453805,HYRIV_41374105_DOWN_41374450,42.5,1248.0,11.5272,77.7508,COMP_02_CAUVERY_SIZE_21,HELD_OUT_GAUGED_VAL,Allocated to Candidate Validation split. Basin 'Cauvery' held out to tune hyperparameters on distinct regional topography and climate.
05024,Cauvery,Cauvery/Hemavati/Yagachi,Thimmanahalli,MAIN_BAS_4060028760_PFAF_453809,HYRIV_41349308_DOWN_41349911,41.25,1010.0,12.9825,76.0214,COMP_02_CAUVERY_SIZE_21,HELD_OUT_GAUGED_VAL,Allocated to Candidate Validation split. Basin 'Cauvery' held out to tune hyperparameters on distinct regional topography and climate.
05025,Cauvery,Cauvery/Thoppaiyar,Thoppur,MAIN_BAS_4060028760_PFAF_453805,HYRIV_41367686_DOWN_41368259,31.52,362.0,11.9383,78.0572,COMP_02_CAUVERY_SIZE_21,HELD_OUT_GAUGED_VAL,Allocated to Candidate Validation split. Basin 'Cauvery' held out to tune hyperparameters on distinct regional topography and climate.
05027,Cauvery,Cauvery/Shimsha,T.K.Halli,MAIN_BAS_4060028760_PFAF_453806,HYRIV_41359732_DOWN_41360001,90.11,7890.0,12.4167,77.1925,COMP_02_CAUVERY_SIZE_21,HELD_OUT_GAUGED_VAL,Allocated to Candidate Validation split. Basin 'Cauvery' held out to tune hyperparameters on distinct regional topography and climate.
05028,Cauvery,Cauvery/Kabini,T.Narasipur,MAIN_BAS_4060028760_PFAF_453808,HYRIV_41363003_DOWN_41363209,91.59,7000.0,12.23,76.8942,COMP_02_CAUVERY_SIZE_21,HELD_OUT_GAUGED_VAL,Allocated to Candidate Validation split. Basin 'Cauvery' held out to tune hyperparameters on distinct regional topography and climate.
05029,Cauvery,Cauvery,Urachikottai,MAIN_BAS_4060028760_PFAF_453805,HYRIV_41375097_DOWN_41375547,92.05,44100.0,11.4778,77.7,COMP_02_CAUVERY_SIZE_21,HELD_OUT_GAUGED_VAL,Allocated to Candidate Validation split. Basin 'Cauvery' held out to tune hyperparameters on distinct regional topography and climate.
06001,Subernarekha,Subarnarekha/Kharkai,Adityapur,MAIN_BAS_4060026820_PFAF_453160,HYRIV_41090019_DOWN_41089352,95.33,6309.0,22.7914,86.1736,COMP_03_SUBERNAREKHA_SIZE_3,SOURCE_GAUGED_TRAIN,Allocated to Candidate Source / Training set. Hydrologically isolated from test and validation basins.
06006,Subernarekha,Subarnarekha,Ghatsila,MAIN_BAS_4060026820_PFAF_453160,HYRIV_41100774_DOWN_41101856,91.5,14176.0,22.5806,86.4683,COMP_03_SUBERNAREKHA_SIZE_3,SOURCE_GAUGED_TRAIN,Allocated to Candidate Source / Training set. Hydrologically isolated from test and validation basins.
06007,Subernarekha,Burhabalang,Govindapur,MAIN_BAS_4060026830_PFAF_453170,HYRIV_41145595_DOWN_41145596,65.83,4495.0,21.5478,86.9181,ISOLATED_GAUGE_06007,SOURCE_GAUGED_TRAIN,Allocated to Candidate Source / Training set. Hydrologically isolated from test and validation basins.
06008,Subernarekha,Subarnarekha,Jamshedpur,MAIN_BAS_4060026820_PFAF_453160,HYRIV_41088681_DOWN_41088682,91.5,12649.0,22.8156,86.2161,COMP_03_SUBERNAREKHA_SIZE_3,SOURCE_GAUGED_TRAIN,Allocated to Candidate Source / Training set. Hydrologically isolated from test and validation basins.
07001,Brahmani-Baitarani,Brahmani/Ramyala,Altuma,MAIN_BAS_4060027010_PFAF_453183,HYRIV_41165193_DOWN_41165321,64.33,830.0,20.9297,85.5189,COMP_05_BRAHMANI-BAITARANI_SIZE_6,SOURCE_GAUGED_TRAIN,Allocated to Candidate Source / Training set. Hydrologically isolated from test and validation basins.
07002,Brahmani-Baitarani,Baitarni,Anandpur,MAIN_BAS_4060027010_PFAF_453182,HYRIV_41157262_DOWN_41157632,95.27,8570.0,21.2111,86.1206,COMP_06_BRAHMANI-BAITARANI_SIZE_2,SOURCE_GAUGED_TRAIN,Allocated to Candidate Source / Training set. Hydrologically isolated from test and validation basins.
07005,Brahmani-Baitarani,Baitarni,Champua,MAIN_BAS_4060027010_PFAF_453182,HYRIV_41125115_DOWN_41126447,69.5,1710.0,22.0658,85.6733,COMP_06_BRAHMANI-BAITARANI_SIZE_2,SOURCE_GAUGED_TRAIN,Allocated to Candidate Source / Training set. Hydrologically isolated from test and validation basins.
07007,Brahmani-Baitarani,Brahmani,Gomlai,MAIN_BAS_4060027010_PFAF_453185,HYRIV_41134999_DOWN_41134657,95.33,21950.0,21.8378,84.9425,COMP_05_BRAHMANI-BAITARANI_SIZE_6,SOURCE_GAUGED_TRAIN,Allocated to Candidate Source / Training set. Hydrologically isolated from test and validation basins.
07008,Brahmani-Baitarani,Brahmani/Koel,Jaraikela,MAIN_BAS_4060027010_PFAF_453187,HYRIV_41112952_DOWN_41112951,95.33,9160.0,22.3217,85.1047,COMP_05_BRAHMANI-BAITARANI_SIZE_6,SOURCE_GAUGED_TRAIN,Allocated to Candidate Source / Training set. Hydrologically isolated from test and validation basins.
07009,Brahmani-Baitarani,Brahmani,Jenapur,MAIN_BAS_4060027010_PFAF_453183,HYRIV_41166456_DOWN_41166601,95.32,33955.0,20.8897,86.0142,COMP_05_BRAHMANI-BAITARANI_SIZE_6,SOURCE_GAUGED_TRAIN,Allocated to Candidate Source / Training set. Hydrologically isolated from test and validation basins.
07011,Brahmani-Baitarani,Brahmani,Panposh,MAIN_BAS_4060027010_PFAF_453187,HYRIV_41114884_DOWN_41115267,40.32,19448.0,22.2772,84.8519,COMP_05_BRAHMANI-BAITARANI_SIZE_6,SOURCE_GAUGED_TRAIN,Allocated to Candidate Source / Training set. Hydrologically isolated from test and validation basins.
07015,Brahmani-Baitarani,Brahmani/Sankh,Tilga,MAIN_BAS_4060027010_PFAF_453186,HYRIV_41098448_DOWN_41099805,95.33,3160.0,22.6233,84.4175,COMP_05_BRAHMANI-BAITARANI_SIZE_6,SOURCE_GAUGED_TRAIN,Allocated to Candidate Source / Training set. Hydrologically isolated from test and validation basins.
08001,Mahanadi,Mahanadi/Seonath/Hamp,Andhiyarkhore,MAIN_BAS_4060027100_PFAF_453296,HYRIV_41134806_DOWN_41135362,94.7,2210.0,21.8317,81.6058,COMP_07_MAHANADI_SIZE_19,HELD_OUT_GAUGED_TEST,Allocated to Candidate Unseen Test split. Entire river basin 'Mahanadi' held out with zero spatial/upstream/downstream overlap with training set. Ground truth flow available for evaluation.
08003,Mahanadi,Mahanadi/Hasdeo,Bamnidhi,MAIN_BAS_4060027100_PFAF_453260,HYRIV_41132441_DOWN_41132812,95.55,9730.0,21.8986,82.7117,COMP_07_MAHANADI_SIZE_19,HELD_OUT_GAUGED_TEST,Allocated to Candidate Unseen Test split. Entire river basin 'Mahanadi' held out with zero spatial/upstream/downstream overlap with training set. Ground truth flow available for evaluation.
08005,Mahanadi,Mahanadi/Pairi,Baronda,MAIN_BAS_4060027100_PFAF_453280,HYRIV_41166174_DOWN_41165566,93.36,3225.0,20.9125,81.8861,COMP_07_MAHANADI_SIZE_19,HELD_OUT_GAUGED_TEST,Allocated to Candidate Unseen Test split. Entire river basin 'Mahanadi' held out with zero spatial/upstream/downstream overlap with training set. Ground truth flow available for evaluation.
08006,Mahanadi,Mahanadi,Basantpur,MAIN_BAS_4060027100_PFAF_453250,HYRIV_41139153_DOWN_41139312,95.36,57780.0,21.7267,82.7881,COMP_07_MAHANADI_SIZE_19,HELD_OUT_GAUGED_TEST,Allocated to Candidate Unseen Test split. Entire river basin 'Mahanadi' held out with zero spatial/upstream/downstream overlap with training set. Ground truth flow available for evaluation.
08009,Mahanadi,Mahanadi/Seonath,Ghatora,MAIN_BAS_4060027100_PFAF_453292,HYRIV_41125865_DOWN_41126422,94.65,3035.0,22.0567,82.2194,COMP_07_MAHANADI_SIZE_19,HELD_OUT_GAUGED_TEST,Allocated to Candidate Unseen Test split. Entire river basin 'Mahanadi' held out with zero spatial/upstream/downstream overlap with training set. Ground truth flow available for evaluation.
08011,Mahanadi,Mahanadi/Seonath,Jondhra,MAIN_BAS_4060027100_PFAF_453291,HYRIV_41139468_DOWN_41139637,94.34,29645.0,21.7158,82.3472,COMP_07_MAHANADI_SIZE_19,HELD_OUT_GAUGED_TEST,Allocated to Candidate Unseen Test split. Entire river basin 'Mahanadi' held out with zero spatial/upstream/downstream overlap with training set. Ground truth flow available for evaluation.
08013,Mahanadi,Mahanadi/Tel,Kantamal,MAIN_BAS_4060027100_PFAF_453220,HYRIV_41173472_DOWN_41171765,94.72,19600.0,20.65,83.7222,COMP_07_MAHANADI_SIZE_19,HELD_OUT_GAUGED_TEST,Allocated to Candidate Unseen Test split. Entire river basin 'Mahanadi' held out with zero spatial/upstream/downstream overlap with training set. Ground truth flow available for evaluation.
08016,Mahanadi,Mahanadi/Tel,Kesinga,MAIN_BAS_4060027100_PFAF_453220,HYRIV_41185221_DOWN_41184460,94.42,11960.0,20.2039,83.2231,COMP_07_MAHANADI_SIZE_19,HELD_OUT_GAUGED_TEST,Allocated to Candidate Unseen Test split. Entire river basin 'Mahanadi' held out with zero spatial/upstream/downstream overlap with training set. Ground truth flow available for evaluation.
08020,Mahanadi,Mahanadi/Seonath,Kotni,MAIN_BAS_4060027100_PFAF_453299,HYRIV_41155967_DOWN_41155824,95.43,6990.0,21.2361,81.2472,COMP_07_MAHANADI_SIZE_19,HELD_OUT_GAUGED_TEST,Allocated to Candidate Unseen Test split. Entire river basin 'Mahanadi' held out with zero spatial/upstream/downstream overlap with training set. Ground truth flow available for evaluation.
08021,Mahanadi,Mahanadi/Mand,Kurubhata,MAIN_BAS_4060027100_PFAF_453250,HYRIV_41128245_DOWN_41129899,87.82,4625.0,21.9864,83.2042,COMP_07_MAHANADI_SIZE_19,HELD_OUT_GAUGED_TEST,Allocated to Candidate Unseen Test split. Entire river basin 'Mahanadi' held out with zero spatial/upstream/downstream overlap with training set. Ground truth flow available for evaluation.
08023,Mahanadi,Mahanadi/Hasdeo,Manendragarh,MAIN_BAS_4060027100_PFAF_453260,HYRIV_41069286_DOWN_41071023,71.45,1100.0,23.2036,82.2172,COMP_07_MAHANADI_SIZE_19,HELD_OUT_GAUGED_TEST,Allocated to Candidate Unseen Test split. Entire river basin 'Mahanadi' held out with zero spatial/upstream/downstream overlap with training set. Ground truth flow available for evaluation.
08028,Mahanadi,Mahanadi/Seonath/Kharun,Patharidih,MAIN_BAS_4060027100_PFAF_453298,HYRIV_41152627_DOWN_41152059,70.97,2511.0,21.3411,81.5939,COMP_07_MAHANADI_SIZE_19,HELD_OUT_GAUGED_TEST,Allocated to Candidate Unseen Test split. Entire river basin 'Mahanadi' held out with zero spatial/upstream/downstream overlap with training set. Ground truth flow available for evaluation.
08029,Mahanadi,Mahanadi,Rajim,MAIN_BAS_4060027100_PFAF_453280,HYRIV_41164109_DOWN_41163209,85.81,8760.0,20.9736,81.8783,COMP_07_MAHANADI_SIZE_19,HELD_OUT_GAUGED_TEST,Allocated to Candidate Unseen Test split. Entire river basin 'Mahanadi' held out with zero spatial/upstream/downstream overlap with training set. Ground truth flow available for evaluation.
08030,Mahanadi,Mahanadi/Jonk,Rampur,MAIN_BAS_4060027100_PFAF_453270,HYRIV_41142567_DOWN_41139639,87.69,2920.0,21.6517,82.5172,COMP_07_MAHANADI_SIZE_19,HELD_OUT_GAUGED_TEST,Allocated to Candidate Unseen Test split. Entire river basin 'Mahanadi' held out with zero spatial/upstream/downstream overlap with training set. Ground truth flow available for evaluation.
08031,Mahanadi,Mahanadi/Ong,Salebhata,MAIN_BAS_4060027100_PFAF_453230,HYRIV_41163608_DOWN_41163609,94.81,4650.0,20.9833,83.5394,COMP_07_MAHANADI_SIZE_19,HELD_OUT_GAUGED_TEST,Allocated to Candidate Unseen Test split. Entire river basin 'Mahanadi' held out with zero spatial/upstream/downstream overlap with training set. Ground truth flow available for evaluation.
08034,Mahanadi,Mahanadi,Seorinarayan,MAIN_BAS_4060027100_PFAF_453270,HYRIV_41139471_DOWN_41139472,81.2,48050.0,21.7167,82.5967,COMP_07_MAHANADI_SIZE_19,HELD_OUT_GAUGED_TEST,Allocated to Candidate Unseen Test split. Entire river basin 'Mahanadi' held out with zero spatial/upstream/downstream overlap with training set. Ground truth flow available for evaluation.
08035,Mahanadi,Mahanadi/Seonath,Simga,MAIN_BAS_4060027100_PFAF_453297,HYRIV_41143135_DOWN_41141991,95.16,30761.0,21.6256,81.6931,COMP_07_MAHANADI_SIZE_19,HELD_OUT_GAUGED_TEST,Allocated to Candidate Unseen Test split. Entire river basin 'Mahanadi' held out with zero spatial/upstream/downstream overlap with training set. Ground truth flow available for evaluation.
08036,Mahanadi,Mahanadi/Ib,Sundergarh,MAIN_BAS_4060027100_PFAF_453240,HYRIV_41122583_DOWN_41123162,94.66,5870.0,22.1153,84.0111,COMP_07_MAHANADI_SIZE_19,HELD_OUT_GAUGED_TEST,Allocated to Candidate Unseen Test split. Entire river basin 'Mahanadi' held out with zero spatial/upstream/downstream overlap with training set. Ground truth flow available for evaluation.
08038,Mahanadi,Mahanadi,Tikarapara,MAIN_BAS_4060027100_PFAF_453210,HYRIV_41174966_DOWN_41175077,92.01,124450.0,20.5894,84.7833,COMP_07_MAHANADI_SIZE_19,HELD_OUT_GAUGED_TEST,Allocated to Candidate Unseen Test split. Entire river basin 'Mahanadi' held out with zero spatial/upstream/downstream overlap with training set. Ground truth flow available for evaluation.
09001,Pennar,Pennar/Kunderu,Alladupalli,MAIN_BAS_4060028200_PFAF_453746,HYRIV_41316751_DOWN_41318275,81.5,8758.0,14.7172,78.6686,COMP_08_PENNAR_SIZE_7,SOURCE_GAUGED_TRAIN,Allocated to Candidate Source / Training set. Hydrologically isolated from test and validation basins.
09002,Pennar,Pennar,Chennur,MAIN_BAS_4060028200_PFAF_453743,HYRIV_41319424_DOWN_41319590,71.37,37981.0,14.5722,78.8,COMP_08_PENNAR_SIZE_7,SOURCE_GAUGED_TRAIN,Allocated to Candidate Source / Training set. Hydrologically isolated from test and validation basins.
09005,Pennar,Pennar/Papagani,Kamalapuram,MAIN_BAS_4060028200_PFAF_453744,HYRIV_41319801_DOWN_41318744,64.27,7187.0,14.5806,78.6778,COMP_08_PENNAR_SIZE_7,SOURCE_GAUGED_TRAIN,Allocated to Candidate Source / Training set. Hydrologically isolated from test and validation basins.
09008,Pennar,Pennar/Sagaileru,Nandipalli,MAIN_BAS_4060028200_PFAF_453743,HYRIV_41316840_DOWN_41317010,64.85,2486.0,14.7211,79.0189,COMP_08_PENNAR_SIZE_7,SOURCE_GAUGED_TRAIN,Allocated to Candidate Source / Training set. Hydrologically isolated from test and validation basins.
09009,Pennar,Pennar,Nellore,MAIN_BAS_4060028200_PFAF_453741,HYRIV_41321225_DOWN_41321127,31.78,50800.0,14.4703,79.9889,COMP_08_PENNAR_SIZE_7,SOURCE_GAUGED_TRAIN,Allocated to Candidate Source / Training set. Hydrologically isolated from test and validation basins.
09011,Pennar,Pennar/Chitravathi,Singavaram,MAIN_BAS_4060028200_PFAF_453748,HYRIV_41318804_DOWN_41318742,89.38,6262.0,14.5978,78.0133,COMP_08_PENNAR_SIZE_7,SOURCE_GAUGED_TRAIN,Allocated to Candidate Source / Training set. Hydrologically isolated from test and validation basins.
09012,Pennar,Pennar,Tadapatri,MAIN_BAS_4060028200_PFAF_453749,HYRIV_41312964_DOWN_41312819,89.11,12482.0,14.9222,78.0028,COMP_08_PENNAR_SIZE_7,SOURCE_GAUGED_TRAIN,Allocated to Candidate Source / Training set. Hydrologically isolated from test and validation basins.
10004,Mahi,Mahi/Anas,Chakaliya,MAIN_BAS_4060031730_PFAF_454084,HYRIV_41076827_DOWN_41074838,56.69,3121.0,23.0542,74.3197,COMP_09_MAHI_SIZE_6,SOURCE_GAUGED_TRAIN,Allocated to Candidate Source / Training set. Hydrologically isolated from test and validation basins.
10005,Mahi,Mahi/Som/Jakham,Dhariawad,MAIN_BAS_4060031730_PFAF_454086,HYRIV_41023528_DOWN_41023750,64.05,1510.0,24.0867,74.4756,COMP_09_MAHI_SIZE_6,SOURCE_GAUGED_TRAIN,Allocated to Candidate Source / Training set. Hydrologically isolated from test and validation basins.
10008,Mahi,Mahi,Khanpur,MAIN_BAS_4060031730_PFAF_454081,HYRIV_41103753_DOWN_41107488,94.31,32510.0,22.5347,73.1408,COMP_09_MAHI_SIZE_6,SOURCE_GAUGED_TRAIN,Allocated to Candidate Source / Training set. Hydrologically isolated from test and validation basins.
10010,Mahi,Mahi,Mataji,MAIN_BAS_4060031730_PFAF_454089,HYRIV_41061999_DOWN_41060505,86.4,3880.0,23.3497,74.7181,COMP_09_MAHI_SIZE_6,SOURCE_GAUGED_TRAIN,Allocated to Candidate Source / Training set. Hydrologically isolated from test and validation basins.
10011,Mahi,Mahi,Paderdibadi,MAIN_BAS_4060031730_PFAF_454085,HYRIV_41039508_DOWN_41039941,93.98,16247.0,23.7675,74.1367,COMP_09_MAHI_SIZE_6,SOURCE_GAUGED_TRAIN,Allocated to Candidate Source / Training set. Hydrologically isolated from test and validation basins.
10013,Mahi,Dhadhar (Independent river),Pingalwada,MAIN_BAS_4060031620_PFAF_454070,HYRIV_41122941_DOWN_41122940,72.04,2400.0,22.1103,73.0789,ISOLATED_GAUGE_10013,SOURCE_GAUGED_TRAIN,Allocated to Candidate Source / Training set. Hydrologically isolated from test and validation basins.
10014,Mahi,Mahi/som,Rangeli,MAIN_BAS_4060031730_PFAF_454086,HYRIV_41035967_DOWN_41037383,90.47,8329.0,23.8728,74.2236,COMP_09_MAHI_SIZE_6,SOURCE_GAUGED_TRAIN,Allocated to Candidate Source / Training set. Hydrologically isolated from test and validation basins.
11001,Sabarmati,Sabarmati,Derol Bridge,MAIN_BAS_4060031820_PFAF_455200,HYRIV_41052223_DOWN_41052432,57.7,6724.0,23.5764,72.8067,COMP_11_SABARMATI_SIZE_5,HELD_OUT_GAUGED_VAL,Allocated to Candidate Validation split. Basin 'Sabarmati' held out to tune hyperparameters on distinct regional topography and climate.
11005,Sabarmati,Sabarmati/Wakal,Jotasan,MAIN_BAS_4060031820_PFAF_455200,HYRIV_41009637_DOWN_41009885,39.72,1421.0,24.3556,73.1681,COMP_11_SABARMATI_SIZE_5,HELD_OUT_GAUGED_VAL,Allocated to Candidate Validation split. Basin 'Sabarmati' held out to tune hyperparameters on distinct regional topography and climate.
11006,Sabarmati,Sabarmati,Kheroj,MAIN_BAS_4060031820_PFAF_455200,HYRIV_41016796_DOWN_41017924,47.3,3650.0,24.2311,73.0083,COMP_11_SABARMATI_SIZE_5,HELD_OUT_GAUGED_VAL,Allocated to Candidate Validation split. Basin 'Sabarmati' held out to tune hyperparameters on distinct regional topography and climate.
11007,Sabarmati,Sabarmati/Watrak,Ratanpur,MAIN_BAS_4060031820_PFAF_455200,HYRIV_41083196_DOWN_41086401,48.68,2916.0,22.9772,72.8844,COMP_11_SABARMATI_SIZE_5,HELD_OUT_GAUGED_VAL,Allocated to Candidate Validation split. Basin 'Sabarmati' held out to tune hyperparameters on distinct regional topography and climate.
11010,Sabarmati,Sabarmati,Vautha,MAIN_BAS_4060031820_PFAF_455200,HYRIV_41099383_DOWN_41099765,44.12,19636.0,22.6497,72.5356,COMP_11_SABARMATI_SIZE_5,HELD_OUT_GAUGED_VAL,Allocated to Candidate Validation split. Basin 'Sabarmati' held out to tune hyperparameters on distinct regional topography and climate.
12001,Narmada,Narmada/Banjar,Bamni,MAIN_BAS_4060031610_PFAF_454067,HYRIV_41106936_DOWN_41105110,41.15,1864.0,22.4842,80.3781,COMP_12_NARMADA_SIZE_17,HELD_OUT_GAUGED_TEST,Allocated to Candidate Unseen Test split. Entire river basin 'Narmada' held out with zero spatial/upstream/downstream overlap with training set. Ground truth flow available for evaluation.
12004,Narmada,Narmada,Barmanghat,MAIN_BAS_4060031610_PFAF_454065,HYRIV_41077562_DOWN_41077301,91.85,26453.0,23.0308,79.0156,COMP_12_NARMADA_SIZE_17,HELD_OUT_GAUGED_TEST,Allocated to Candidate Unseen Test split. Entire river basin 'Narmada' held out with zero spatial/upstream/downstream overlap with training set. Ground truth flow available for evaluation.
12006,Narmada,Narmada/Sher,Belkheri,MAIN_BAS_4060031610_PFAF_454065,HYRIV_41083621_DOWN_41080628,95.32,1508.0,22.9278,79.3397,COMP_12_NARMADA_SIZE_17,HELD_OUT_GAUGED_TEST,Allocated to Candidate Unseen Test split. Entire river basin 'Narmada' held out with zero spatial/upstream/downstream overlap with training set. Ground truth flow available for evaluation.
12009,Narmada,Narmada/Orsang,Chanwada,MAIN_BAS_4060031610_PFAF_454061,HYRIV_41125647_DOWN_41126389,57.27,3846.0,22.05,73.4661,ISOLATED_GAUGE_12009,HELD_OUT_GAUGED_TEST,Allocated to Candidate Unseen Test split. Entire river basin 'Narmada' held out with zero spatial/upstream/downstream overlap with training set. Ground truth flow available for evaluation.
12012,Narmada,Narmada/Ganjal,Chhidgaon,MAIN_BAS_4060031610_PFAF_454063,HYRIV_41108866_DOWN_41108460,94.62,1729.0,22.4058,77.3081,COMP_12_NARMADA_SIZE_17,HELD_OUT_GAUGED_TEST,Allocated to Candidate Unseen Test split. Entire river basin 'Narmada' held out with zero spatial/upstream/downstream overlap with training set. Ground truth flow available for evaluation.
12015,Narmada,Narmada/Uri,Dhulsar,MAIN_BAS_4060031610_PFAF_454061,HYRIV_41119022_DOWN_41120605,36.8,787.0,22.2056,74.8519,COMP_12_NARMADA_SIZE_17,HELD_OUT_GAUGED_TEST,Allocated to Candidate Unseen Test split. Entire river basin 'Narmada' held out with zero spatial/upstream/downstream overlap with training set. Ground truth flow available for evaluation.
12016,Narmada,Narmada,Dindori,MAIN_BAS_4060031610_PFAF_454069,HYRIV_41081902_DOWN_41080638,73.01,2292.0,22.9478,81.0761,COMP_12_NARMADA_SIZE_17,HELD_OUT_GAUGED_TEST,Allocated to Candidate Unseen Test split. Entire river basin 'Narmada' held out with zero spatial/upstream/downstream overlap with training set. Ground truth flow available for evaluation.
12018,Narmada,Narmada/Sakkar,Gadarwara,MAIN_BAS_4060031610_PFAF_454065,HYRIV_41083866_DOWN_41082567,92.63,2270.0,22.9228,78.7908,COMP_12_NARMADA_SIZE_17,HELD_OUT_GAUGED_TEST,Allocated to Candidate Unseen Test split. Entire river basin 'Narmada' held out with zero spatial/upstream/downstream overlap with training set. Ground truth flow available for evaluation.
12020,Narmada,Narmada,Garudeshwar,MAIN_BAS_4060031610_PFAF_454061,HYRIV_41132575_DOWN_41132574,93.96,87892.0,21.8864,73.6544,COMP_12_NARMADA_SIZE_17,HELD_OUT_GAUGED_TEST,Allocated to Candidate Unseen Test split. Entire river basin 'Narmada' held out with zero spatial/upstream/downstream overlap with training set. Ground truth flow available for evaluation.
12025,Narmada,Narmada,Handia,MAIN_BAS_4060031610_PFAF_454063,HYRIV_41104720_DOWN_41104719,95.19,54027.0,22.4917,76.9936,COMP_12_NARMADA_SIZE_17,HELD_OUT_GAUGED_TEST,Allocated to Candidate Unseen Test split. Entire river basin 'Narmada' held out with zero spatial/upstream/downstream overlap with training set. Ground truth flow available for evaluation.
12026,Narmada,Narmada,Hoshangabad,MAIN_BAS_4060031610_PFAF_454063,HYRIV_41091463_DOWN_41091249,95.55,44548.0,22.7561,77.7328,COMP_12_NARMADA_SIZE_17,HELD_OUT_GAUGED_TEST,Allocated to Candidate Unseen Test split. Entire river basin 'Narmada' held out with zero spatial/upstream/downstream overlap with training set. Ground truth flow available for evaluation.
12029,Narmada,Narmada/Kundi,Kogaon,MAIN_BAS_4060031610_PFAF_454061,HYRIV_41124514_DOWN_41120254,85.74,3919.0,22.1014,75.6842,COMP_12_NARMADA_SIZE_17,HELD_OUT_GAUGED_TEST,Allocated to Candidate Unseen Test split. Entire river basin 'Narmada' held out with zero spatial/upstream/downstream overlap with training set. Ground truth flow available for evaluation.
12035,Narmada,Narmada,Mandleshwar,MAIN_BAS_4060031610_PFAF_454061,HYRIV_41120254_DOWN_41119845,96.13,72809.0,22.1683,75.6608,COMP_12_NARMADA_SIZE_17,HELD_OUT_GAUGED_TEST,Allocated to Candidate Unseen Test split. Entire river basin 'Narmada' held out with zero spatial/upstream/downstream overlap with training set. Ground truth flow available for evaluation.
12036,Narmada,Narmada,Manot,MAIN_BAS_4060031610_PFAF_454069,HYRIV_41093194_DOWN_41094650,95.59,4667.0,22.7358,80.5131,COMP_12_NARMADA_SIZE_17,HELD_OUT_GAUGED_TEST,Allocated to Candidate Unseen Test split. Entire river basin 'Narmada' held out with zero spatial/upstream/downstream overlap with training set. Ground truth flow available for evaluation.
12038,Narmada,Narmada/Burhner,Mohgaoan,MAIN_BAS_4060031610_PFAF_454068,HYRIV_41091675_DOWN_41092982,95.76,3919.0,22.7658,80.6233,COMP_12_NARMADA_SIZE_17,HELD_OUT_GAUGED_TEST,Allocated to Candidate Unseen Test split. Entire river basin 'Narmada' held out with zero spatial/upstream/downstream overlap with training set. Ground truth flow available for evaluation.
12043,Narmada,Narmada/Hiran,Patan,MAIN_BAS_4060031610_PFAF_454066,HYRIV_41062837_DOWN_41063638,93.87,3950.0,23.3111,79.6619,COMP_12_NARMADA_SIZE_17,HELD_OUT_GAUGED_TEST,Allocated to Candidate Unseen Test split. Entire river basin 'Narmada' held out with zero spatial/upstream/downstream overlap with training set. Ground truth flow available for evaluation.
12044,Narmada,Narmada/Goi,Pati,MAIN_BAS_4060031610_PFAF_454061,HYRIV_41129487_DOWN_41128783,39.84,2151.0,21.9433,74.7447,COMP_12_NARMADA_SIZE_17,HELD_OUT_GAUGED_TEST,Allocated to Candidate Unseen Test split. Entire river basin 'Narmada' held out with zero spatial/upstream/downstream overlap with training set. Ground truth flow available for evaluation.
12046,Narmada,Narmada,Sandia,MAIN_BAS_4060031610_PFAF_454065,HYRIV_41083403_DOWN_41085348,95.61,33953.0,22.9158,78.3475,COMP_12_NARMADA_SIZE_17,HELD_OUT_GAUGED_TEST,Allocated to Candidate Unseen Test split. Entire river basin 'Narmada' held out with zero spatial/upstream/downstream overlap with training set. Ground truth flow available for evaluation.
13004,Tapi,Tapi,Burhanpur,MAIN_BAS_4060031520_PFAF_454049,HYRIV_41154222_DOWN_41154505,90.71,8487.0,21.2994,76.235,COMP_14_TAPI_SIZE_10,HELD_OUT_GAUGED_VAL,Allocated to Candidate Validation split. Basin 'Tapi' held out to tune hyperparameters on distinct regional topography and climate.
13006,Tapi,Tapi,Dedtalai,MAIN_BAS_4060031520_PFAF_454049,HYRIV_41146883_DOWN_41147701,58.26,6660.0,21.5131,76.7572,COMP_14_TAPI_SIZE_10,HELD_OUT_GAUGED_VAL,Allocated to Candidate Validation split. Basin 'Tapi' held out to tune hyperparameters on distinct regional topography and climate.
13007,Tapi,Tapi,Ghala,MAIN_BAS_4060031520_PFAF_454041,HYRIV_41154075_DOWN_41153665,61.99,63325.0,21.2972,73.0253,COMP_14_TAPI_SIZE_10,HELD_OUT_GAUGED_VAL,Allocated to Candidate Validation split. Basin 'Tapi' held out to tune hyperparameters on distinct regional topography and climate.
13008,Tapi,Tapi,Gidhade,MAIN_BAS_4060031520_PFAF_454041,HYRIV_41154352_DOWN_41153671,56.0,54750.0,21.2947,74.8092,COMP_14_TAPI_SIZE_10,HELD_OUT_GAUGED_VAL,Allocated to Candidate Validation split. Basin 'Tapi' held out to tune hyperparameters on distinct regional topography and climate.
13010,Tapi,Tapi/Purna,Gopalkheda,MAIN_BAS_4060031520_PFAF_454048,HYRIV_41167519_DOWN_41166287,81.34,9500.0,20.8742,76.9914,COMP_14_TAPI_SIZE_10,HELD_OUT_GAUGED_VAL,Allocated to Candidate Validation split. Basin 'Tapi' held out to tune hyperparameters on distinct regional topography and climate.
13012,Tapi,Tapi/Purna,Lakhpuri,MAIN_BAS_4060031520_PFAF_454048,HYRIV_41167650_DOWN_41167649,46.33,3560.0,20.8475,77.3606,COMP_14_TAPI_SIZE_10,HELD_OUT_GAUGED_VAL,Allocated to Candidate Validation split. Basin 'Tapi' held out to tune hyperparameters on distinct regional topography and climate.
13013,Tapi,Tapi/Panjhra,Morane,MAIN_BAS_4060031520_PFAF_454042,HYRIV_41165779_DOWN_41165780,31.74,1933.0,20.9094,74.7133,COMP_14_TAPI_SIZE_10,HELD_OUT_GAUGED_VAL,Allocated to Candidate Validation split. Basin 'Tapi' held out to tune hyperparameters on distinct regional topography and climate.
13016,Tapi,Tapi,Sarangkheda,MAIN_BAS_4060031520_PFAF_454041,HYRIV_41149846_DOWN_41149549,84.27,58400.0,21.4283,74.5272,COMP_14_TAPI_SIZE_10,HELD_OUT_GAUGED_VAL,Allocated to Candidate Validation split. Basin 'Tapi' held out to tune hyperparameters on distinct regional topography and climate.
13017,Tapi,Tapi,Savkheda,MAIN_BAS_4060031520_PFAF_454043,HYRIV_41158629_DOWN_41157593,52.49,48136.0,21.1481,75.2408,COMP_14_TAPI_SIZE_10,HELD_OUT_GAUGED_VAL,Allocated to Candidate Validation split. Basin 'Tapi' held out to tune hyperparameters on distinct regional topography and climate.
13025,Tapi,Tapi/Purna,Yerli,MAIN_BAS_4060031520_PFAF_454048,HYRIV_41164928_DOWN_41165030,86.2,16517.0,20.9358,76.4756,COMP_14_TAPI_SIZE_10,HELD_OUT_GAUGED_VAL,Allocated to Candidate Validation split. Basin 'Tapi' held out to tune hyperparameters on distinct regional topography and climate.
14001,WFRN,Ulhas,Badlapur,MAIN_BAS_4060031160_PFAF_454036,HYRIV_41212332_DOWN_41212093,73.58,785.0,19.1622,73.2544,ISOLATED_GAUGE_14001,SOURCE_GAUGED_TRAIN,Allocated to Candidate Source / Training set. Hydrologically isolated from test and validation basins.
14003,WFRN,Vaitarna,Durvesh,MAIN_BAS_4060031210_PFAF_454038,HYRIV_41197706_DOWN_41197705,73.67,2019.0,19.7125,72.9306,ISOLATED_GAUGE_14003,SOURCE_GAUGED_TRAIN,Allocated to Candidate Source / Training set. Hydrologically isolated from test and validation basins.
14004,WFRN,Ambika,Gadat,MAIN_BAS_4060031220_PFAF_454039,HYRIV_41168922_DOWN_41169158,68.22,1510.0,20.8569,72.9836,ISOLATED_GAUGE_14004,SOURCE_GAUGED_TRAIN,Allocated to Candidate Source / Training set. Hydrologically isolated from test and validation basins.
14005,WFRN,Mandovi/Khadepar,Ganjem,MAIN_BAS_4060030580_PFAF_454035,HYRIV_41302680_DOWN_41302782,82.85,880.0,15.4711,74.1,ISOLATED_GAUGE_14005,SOURCE_GAUGED_TRAIN,Allocated to Candidate Source / Training set. Hydrologically isolated from test and validation basins.
14008,WFRN,Purna,Mahuwa,MAIN_BAS_4060031220_PFAF_454039,HYRIV_41162586_DOWN_41163076,91.82,1995.0,21.0156,73.1394,ISOLATED_GAUGE_14008,SOURCE_GAUGED_TRAIN,Allocated to Candidate Source / Training set. Hydrologically isolated from test and validation basins.
14009,WFRN,Savitri/Kal,Mangaon (Seasonal),MAIN_BAS_4060030580_PFAF_454035,HYRIV_41237316_DOWN_41237851,67.4,259.0,18.2317,73.2833,ISOLATED_GAUGE_14009,SOURCE_GAUGED_TRAIN,Allocated to Candidate Source / Training set. Hydrologically isolated from test and validation basins.
14011,WFRN,Amba,Nagothane,MAIN_BAS_4060030580_PFAF_454035,HYRIV_41229701_DOWN_41229577,31.24,420.0,18.5192,73.1564,ISOLATED_GAUGE_14011,SOURCE_GAUGED_TRAIN,Allocated to Candidate Source / Training set. Hydrologically isolated from test and validation basins.
14012,WFRN,Damanganga,Nanipalson,MAIN_BAS_4060031220_PFAF_454039,HYRIV_41185301_DOWN_41185400,53.35,764.0,20.2033,73.2811,ISOLATED_GAUGE_14012,SOURCE_GAUGED_TRAIN,Allocated to Candidate Source / Training set. Hydrologically isolated from test and validation basins.
14014,WFRN,Wagh/Damanganga,Ozerkheda,MAIN_BAS_4060031220_PFAF_454039,HYRIV_41187874_DOWN_41187546,70.34,640.0,20.1111,73.2647,ISOLATED_GAUGE_14014,SOURCE_GAUGED_TRAIN,Allocated to Candidate Source / Training set. Hydrologically isolated from test and validation basins.
14015,WFRN,Bhogeswari,Pen,MAIN_BAS_4060030580_PFAF_454035,HYRIV_41223631_DOWN_41223286,31.36,125.0,18.7367,73.1108,ISOLATED_GAUGE_14015,SOURCE_GAUGED_TRAIN,Allocated to Candidate Source / Training set. Hydrologically isolated from test and validation basins.
15001,WFRS,Gurupur,Addoor,MAIN_BAS_4060029870_PFAF_454033,HYRIV_41350275_DOWN_41350350,34.46,688.0,12.9289,74.9539,ISOLATED_GAUGE_15001,SOURCE_GAUGED_TRAIN,Allocated to Candidate Source / Training set. Hydrologically isolated from test and validation basins.
15003,WFRS,Bharathapuzha/Kannadipuzha/Aliyar,Ambarampalayam,MAIN_BAS_4060029860_PFAF_454032,HYRIV_41384762_DOWN_41384722,95.0,950.0,10.6303,76.9461,COMP_26_WFRS_SIZE_4,SOURCE_GAUGED_TRAIN,Allocated to Candidate Source / Training set. Hydrologically isolated from test and validation basins.
15005,WFRS,Periyar/Chalakudy,Arangaly,MAIN_BAS_4060029810_PFAF_454020,HYRIV_41387954_DOWN_41388334,93.58,1342.0,10.2814,76.3153,ISOLATED_GAUGE_15005,SOURCE_GAUGED_TRAIN,Allocated to Candidate Source / Training set. Hydrologically isolated from test and validation basins.
15006,WFRS,Seetha,Avershe,MAIN_BAS_4060029870_PFAF_454033,HYRIV_41339646_DOWN_41340021,39.0,253.0,13.5214,74.88,ISOLATED_GAUGE_15006,SOURCE_GAUGED_TRAIN,Allocated to Candidate Source / Training set. Hydrologically isolated from test and validation basins.
15007,WFRS,Vamanapuram,Ayilam,MAIN_BAS_4060029530_PFAF_454010,HYRIV_41398391_DOWN_41398424,93.18,540.0,8.715,76.85,ISOLATED_GAUGE_15007,SOURCE_GAUGED_TRAIN,Allocated to Candidate Source / Training set. Hydrologically isolated from test and validation basins.
15008,WFRS,Nethravathi,Bantwal,MAIN_BAS_4060029870_PFAF_454033,HYRIV_41351163_DOWN_41351162,92.22,3184.0,12.8808,75.0411,ISOLATED_GAUGE_15008,SOURCE_GAUGED_TRAIN,Allocated to Candidate Source / Training set. Hydrologically isolated from test and validation basins.
15009,WFRS,Payaswani,Erinjipuzha,MAIN_BAS_4060029870_PFAF_454033,HYRIV_41358571_DOWN_41358570,81.48,957.0,12.4792,75.1472,ISOLATED_GAUGE_15009,SOURCE_GAUGED_TRAIN,Allocated to Candidate Source / Training set. Hydrologically isolated from test and validation basins.
15010,WFRS,Halady,Halady,MAIN_BAS_4060029870_PFAF_454033,HYRIV_41338493_DOWN_41338492,80.76,583.0,13.5817,74.8578,ISOLATED_GAUGE_15010,SOURCE_GAUGED_TRAIN,Allocated to Candidate Source / Training set. Hydrologically isolated from test and validation basins.
15011,WFRS,Muvattupuzha/Kaliyar,Kalampur,MAIN_BAS_4060029530_PFAF_454010,HYRIV_41390062_DOWN_41390035,77.61,405.0,9.9906,76.6322,COMP_33_WFRS_SIZE_2,SOURCE_GAUGED_TRAIN,Allocated to Candidate Source / Training set. Hydrologically isolated from test and validation basins.
15012,WFRS,Pampa/Manimala,Kallooppara,MAIN_BAS_4060029530_PFAF_454010,HYRIV_41394128_DOWN_41394199,80.12,731.0,9.4036,76.6503,ISOLATED_GAUGE_15012,SOURCE_GAUGED_TRAIN,Allocated to Candidate Source / Training set. Hydrologically isolated from test and validation basins.
15013,WFRS,Kadalundi,Karathodu,MAIN_BAS_4060029870_PFAF_454033,HYRIV_41380147_DOWN_41380064,76.39,750.0,11.0569,76.0394,ISOLATED_GAUGE_15013,SOURCE_GAUGED_TRAIN,Allocated to Candidate Source / Training set. Hydrologically isolated from test and validation basins.
15014,WFRS,Meenachil,Kidangoor,MAIN_BAS_4060029530_PFAF_454010,HYRIV_41392176_DOWN_41392222,80.9,615.0,9.6756,76.6056,ISOLATED_GAUGE_15014,SOURCE_GAUGED_TRAIN,Allocated to Candidate Source / Training set. Hydrologically isolated from test and validation basins.
15016,WFRS,Bharathapuzha,Kumbidi,MAIN_BAS_4060029860_PFAF_454032,HYRIV_41382375_DOWN_41382165,89.83,5755.0,10.85,76.02,COMP_26_WFRS_SIZE_4,SOURCE_GAUGED_TRAIN,Allocated to Candidate Source / Training set. Hydrologically isolated from test and validation basins.
15017,WFRS,Chaliyar,Kuniyil,MAIN_BAS_4060029870_PFAF_454033,HYRIV_41377582_DOWN_41377581,91.28,1876.0,11.2394,76.0233,ISOLATED_GAUGE_15017,SOURCE_GAUGED_TRAIN,Allocated to Candidate Source / Training set. Hydrologically isolated from test and validation basins.
15018,WFRS,Thambraparni,Kuzhithurai,MAIN_BAS_4060029530_PFAF_454010,HYRIV_41400540_DOWN_41400647,41.23,841.0,8.3053,77.1856,ISOLATED_GAUGE_15018,SOURCE_GAUGED_TRAIN,Allocated to Candidate Source / Training set. Hydrologically isolated from test and validation basins.
15019,WFRS,Pampa,Malakkara,MAIN_BAS_4060029530_PFAF_454010,HYRIV_41394507_DOWN_41394506,80.44,1713.0,9.3325,76.6631,ISOLATED_GAUGE_15019,SOURCE_GAUGED_TRAIN,Allocated to Candidate Source / Training set. Hydrologically isolated from test and validation basins.
15020,WFRS,Bharathapuzha,Mankara,MAIN_BAS_4060029860_PFAF_454032,HYRIV_41383332_DOWN_41383379,80.93,2775.0,10.7611,76.4861,COMP_26_WFRS_SIZE_4,SOURCE_GAUGED_TRAIN,Allocated to Candidate Source / Training set. Hydrologically isolated from test and validation basins.
15021,WFRS,Periyar,Neeleswaram,MAIN_BAS_4060029810_PFAF_454020,HYRIV_41388720_DOWN_41388719,94.57,4234.0,10.1833,76.5,COMP_40_WFRS_SIZE_2,SOURCE_GAUGED_TRAIN,Allocated to Candidate Source / Training set. Hydrologically isolated from test and validation basins.
15022,WFRS,Kallada,Pattazhy,MAIN_BAS_4060029530_PFAF_454010,HYRIV_41396254_DOWN_41396211,95.12,1210.0,9.0728,76.7611,ISOLATED_GAUGE_15022,SOURCE_GAUGED_TRAIN,Allocated to Candidate Source / Training set. Hydrologically isolated from test and validation basins.
15023,WFRS,Valapatnam,Perumannu,MAIN_BAS_4060029870_PFAF_454033,HYRIV_41367024_DOWN_41367230,81.08,1070.0,11.9814,75.5875,ISOLATED_GAUGE_15023,SOURCE_GAUGED_TRAIN,Allocated to Candidate Source / Training set. Hydrologically isolated from test and validation basins.
15024,WFRS,Bharathapuzha/Pulanthodu,Pulamanthole,MAIN_BAS_4060029860_PFAF_454032,HYRIV_41381719_DOWN_41381678,79.61,940.0,10.8992,76.1972,COMP_26_WFRS_SIZE_4,SOURCE_GAUGED_TRAIN,Allocated to Candidate Source / Training set. Hydrologically isolated from test and validation basins.
15026,WFRS,Muvattupuzha,Ramamangalam,MAIN_BAS_4060029530_PFAF_454010,HYRIV_41391002_DOWN_41391001,94.42,1208.0,9.845,76.4667,COMP_33_WFRS_SIZE_2,SOURCE_GAUGED_TRAIN,Allocated to Candidate Source / Training set. Hydrologically isolated from test and validation basins.
15030,WFRS,Pamba/Achankovil,Thumpamon,MAIN_BAS_4060029530_PFAF_454010,HYRIV_41395349_DOWN_41395275,93.59,810.0,9.2325,76.7147,ISOLATED_GAUGE_15030,SOURCE_GAUGED_TRAIN,Allocated to Candidate Source / Training set. Hydrologically isolated from test and validation basins.
15031,WFRS,Periyar,Vandiperiyar,MAIN_BAS_4060029810_PFAF_454020,HYRIV_41392828_DOWN_41392800,43.51,712.0,9.5733,77.0908,COMP_40_WFRS_SIZE_2,SOURCE_GAUGED_TRAIN,Allocated to Candidate Source / Training set. Hydrologically isolated from test and validation basins.
15032,WFRS,Swarna,Yennehole,MAIN_BAS_4060029870_PFAF_454033,HYRIV_41343752_DOWN_41343581,70.67,327.0,13.2942,74.9806,ISOLATED_GAUGE_15032,SOURCE_GAUGED_TRAIN,Allocated to Candidate Source / Training set. Hydrologically isolated from test and validation basins.
16001,EFRN,Sarada,Anakapalle,MAIN_BAS_4060027490_PFAF_453309,HYRIV_41252015_DOWN_41252638,65.24,2090.0,17.7,82.9953,ISOLATED_GAUGE_16001,SOURCE_GAUGED_TRAIN,Allocated to Candidate Source / Training set. Hydrologically isolated from test and validation basins.
16004,EFRN,Vamsadhara,Gunupur,MAIN_BAS_4060027460_PFAF_453306,HYRIV_41214393_DOWN_41214509,55.49,6740.0,19.0833,83.8056,COMP_46_EFRN_SIZE_2,SOURCE_GAUGED_TRAIN,Allocated to Candidate Source / Training set. Hydrologically isolated from test and validation basins.
16007,EFRN,Vamsadhara,Kashinagar,MAIN_BAS_4060027460_PFAF_453306,HYRIV_41220827_DOWN_41221449,93.21,7820.0,18.8483,83.8731,COMP_46_EFRN_SIZE_2,SOURCE_GAUGED_TRAIN,Allocated to Candidate Source / Training set. Hydrologically isolated from test and validation basins.
16012,EFRN,Rushikulya,Purushottampur,MAIN_BAS_4060027300_PFAF_453304,HYRIV_41203894_DOWN_41204499,66.46,7112.0,19.5167,84.8833,ISOLATED_GAUGE_16012,SOURCE_GAUGED_TRAIN,Allocated to Candidate Source / Training set. Hydrologically isolated from test and validation basins.
16014,EFRN,Nagavali,Srikakulam,MAIN_BAS_4060027480_PFAF_453308,HYRIV_41236206_DOWN_41237262,69.1,9500.0,18.3133,83.8842,ISOLATED_GAUGE_16014,SOURCE_GAUGED_TRAIN,Allocated to Candidate Source / Training set. Hydrologically isolated from test and validation basins.
17001,EFRS,Vaigai,Ambasamudram,MAIN_BAS_4060029250_PFAF_453902,HYRIV_41390505_DOWN_41390346,44.62,850.0,9.9256,77.5117,COMP_49_EFRS_SIZE_3,SOURCE_GAUGED_TRAIN,Allocated to Candidate Source / Training set. Hydrologically isolated from test and validation basins.
17003,EFRS,Palar,Avarankuppam,MAIN_BAS_4060028550_PFAF_453760,HYRIV_41354854_DOWN_41354929,90.02,3300.0,12.6842,78.5394,COMP_50_EFRS_SIZE_2,SOURCE_GAUGED_TRAIN,Allocated to Candidate Source / Training set. Hydrologically isolated from test and validation basins.
17005,EFRS,Palar,Chengalpet,MAIN_BAS_4060028550_PFAF_453760,HYRIV_41355465_DOWN_41355964,43.12,16230.0,12.65,79.9472,COMP_50_EFRS_SIZE_2,SOURCE_GAUGED_TRAIN,Allocated to Candidate Source / Training set. Hydrologically isolated from test and validation basins.
17006,EFRS,Ponnaiyar,Gummanur,MAIN_BAS_4060028670_PFAF_453780,HYRIV_41357499_DOWN_41358018,94.9,4620.0,12.555,78.1386,COMP_51_EFRS_SIZE_3,SOURCE_GAUGED_TRAIN,Allocated to Candidate Source / Training set. Hydrologically isolated from test and validation basins.
17007,EFRS,VVaigai/Vaippar,Irrukkankudi,MAIN_BAS_4060029360_PFAF_453906,HYRIV_41394876_DOWN_41394914,66.93,3721.0,9.3239,77.9903,ISOLATED_GAUGE_17007,SOURCE_GAUGED_TRAIN,Allocated to Candidate Source / Training set. Hydrologically isolated from test and validation basins.
17009,EFRS,Vellar,Kudalaiyathur,MAIN_BAS_4060028680_PFAF_453790,HYRIV_41375445_DOWN_41375206,65.0,7890.0,11.4222,79.4722,ISOLATED_GAUGE_17009,SOURCE_GAUGED_TRAIN,Allocated to Candidate Source / Training set. Hydrologically isolated from test and validation basins.
17011,EFRS,Tambraparni,Murappanadu,MAIN_BAS_4060029440_PFAF_453908,HYRIV_41398645_DOWN_41398740,93.88,4380.0,8.7144,77.835,ISOLATED_GAUGE_17011,SOURCE_GAUGED_TRAIN,Allocated to Candidate Source / Training set. Hydrologically isolated from test and validation basins.
17012,EFRS,Swarnamukhi,Naidupet,MAIN_BAS_4060028210_PFAF_453750,HYRIV_41332728_DOWN_41331006,89.86,2650.0,13.9472,79.8972,ISOLATED_GAUGE_17012,SOURCE_GAUGED_TRAIN,Allocated to Candidate Source / Training set. Hydrologically isolated from test and validation basins.
17015,EFRS,Vaigai,Paramakudi,MAIN_BAS_4060029250_PFAF_453902,HYRIV_41393136_DOWN_41393399,91.33,6796.0,9.5531,78.5861,COMP_49_EFRS_SIZE_3,SOURCE_GAUGED_TRAIN,Allocated to Candidate Source / Training set. Hydrologically isolated from test and validation basins.
17019,EFRS,Vaigai/Suruliar,Theni,MAIN_BAS_4060029250_PFAF_453902,HYRIV_41390009_DOWN_41389986,94.33,1200.0,10.0011,77.485,COMP_49_EFRS_SIZE_3,SOURCE_GAUGED_TRAIN,Allocated to Candidate Source / Training set. Hydrologically isolated from test and validation basins.
17022,EFRS,Ponnaiyar,Vazhavachanur,MAIN_BAS_4060028670_PFAF_453780,HYRIV_41366097_DOWN_41366413,90.83,10780.0,12.0658,78.9781,COMP_51_EFRS_SIZE_3,SOURCE_GAUGED_TRAIN,Allocated to Candidate Source / Training set. Hydrologically isolated from test and validation basins.
17024,EFRS,Ponnaiyar,Villupuram,MAIN_BAS_4060028670_PFAF_453780,HYRIV_41368822_DOWN_41369074,89.2,12900.0,11.8706,79.4594,COMP_51_EFRS_SIZE_3,SOURCE_GAUGED_TRAIN,Allocated to Candidate Source / Training set. Hydrologically isolated from test and validation basins.
03001,Godavari,Jampanavagu,Allamvari Ghanpur,PENDING_MATCH_PARTIAL,PENDING_MATCH_PARTIAL,2.58,1537.0,18.3861,80.3917,PARTIAL_FLOW_GODAVARI,EXCLUDED_LOW_OBSERVATION,Flow availability (2.6%) is below 30% threshold. Record too fragmented for robust source training.
03010,Godavari,Godavari,Bhadrachalam,PENDING_MATCH_PARTIAL,PENDING_MATCH_PARTIAL,20.97,280505.0,17.6681,80.8772,PARTIAL_FLOW_GODAVARI,EXCLUDED_LOW_OBSERVATION,Flow availability (21.0%) is below 30% threshold. Record too fragmented for robust source training.
03012,Godavari,Godavari/Pranhita/Wainganga,Bhandara,PENDING_MATCH_PARTIAL,PENDING_MATCH_PARTIAL,0.01,20435.0,21.15,79.6672,PARTIAL_FLOW_GODAVARI,EXCLUDED_LOW_OBSERVATION,Flow availability (0.0%) is below 30% threshold. Record too fragmented for robust source training.
03027,Godavari,Morenchavagu,Garmilapali,PENDING_MATCH_PARTIAL,PENDING_MATCH_PARTIAL,2.06,782.0,18.4461,79.7039,PARTIAL_FLOW_GODAVARI,EXCLUDED_LOW_OBSERVATION,Flow availability (2.1%) is below 30% threshold. Record too fragmented for robust source training.
03036,Godavari,Godavari,Kaleswaram,PENDING_MATCH_PARTIAL,PENDING_MATCH_PARTIAL,0.05,226970.0,18.8139,79.9189,PARTIAL_FLOW_GODAVARI,EXCLUDED_LOW_OBSERVATION,Flow availability (0.1%) is below 30% threshold. Record too fragmented for robust source training.
03041,Godavari,Malenger,Kerlapal,PENDING_MATCH_PARTIAL,PENDING_MATCH_PARTIAL,3.16,766.0,18.2967,81.5725,PARTIAL_FLOW_GODAVARI,EXCLUDED_LOW_OBSERVATION,Flow availability (3.2%) is below 30% threshold. Record too fragmented for robust source training.
03042,Godavari,Godavari/Indravati/Bawardhi,Kiwaibalenga,PENDING_MATCH_PARTIAL,PENDING_MATCH_PARTIAL,8.05,910.0,19.6397,81.54,PARTIAL_FLOW_GODAVARI,EXCLUDED_LOW_OBSERVATION,Flow availability (8.1%) is below 30% threshold. Record too fragmented for robust source training.
03046,Godavari,Godavari,Kopergaon,PENDING_MATCH_PARTIAL,PENDING_MATCH_PARTIAL,6.34,6840.0,19.8783,74.4819,PARTIAL_FLOW_GODAVARI,EXCLUDED_LOW_OBSERVATION,Flow availability (6.3%) is below 30% threshold. Record too fragmented for robust source training.
03049,Godavari,Godavari,Kunavaram,PENDING_MATCH_PARTIAL,PENDING_MATCH_PARTIAL,0.01,284880.0,17.5731,81.25,PARTIAL_FLOW_GODAVARI,EXCLUDED_LOW_OBSERVATION,Flow availability (0.0%) is below 30% threshold. Record too fragmented for robust source training.
03050,Godavari,Machkund,Kunturla,PENDING_MATCH_PARTIAL,PENDING_MATCH_PARTIAL,1.35,713.0,18.1992,82.6503,PARTIAL_FLOW_GODAVARI,EXCLUDED_LOW_OBSERVATION,Flow availability (1.4%) is below 30% threshold. Record too fragmented for robust source training.
03051,Godavari,Godavari/Shiv,Lasur,PENDING_MATCH_PARTIAL,PENDING_MATCH_PARTIAL,2.13,1330.0,19.9367,74.9856,PARTIAL_FLOW_GODAVARI,EXCLUDED_LOW_OBSERVATION,Flow availability (2.1%) is below 30% threshold. Record too fragmented for robust source training.
03060,Godavari,Maner,Nagaram,PENDING_MATCH_PARTIAL,PENDING_MATCH_PARTIAL,0.35,8010.0,18.4189,79.5572,PARTIAL_FLOW_GODAVARI,EXCLUDED_LOW_OBSERVATION,Flow availability (0.3%) is below 30% threshold. Record too fragmented for robust source training.
03061,Godavari,Godavari/Pranhita/Wardha/Pothra,Nagari,PENDING_MATCH_PARTIAL,PENDING_MATCH_PARTIAL,0.01,2100.0,20.4256,78.88,PARTIAL_FLOW_GODAVARI,EXCLUDED_LOW_OBSERVATION,Flow availability (0.0%) is below 30% threshold. Record too fragmented for robust source training.
03063,Godavari,Godavari,Nanded,PENDING_MATCH_PARTIAL,PENDING_MATCH_PARTIAL,8.28,52038.0,19.1417,77.3203,PARTIAL_FLOW_GODAVARI,EXCLUDED_LOW_OBSERVATION,Flow availability (8.3%) is below 30% threshold. Record too fragmented for robust source training.
03077,Godavari,Pravara,Pratappur,PENDING_MATCH_PARTIAL,PENDING_MATCH_PARTIAL,1.01,1708.0,19.5222,74.3842,PARTIAL_FLOW_GODAVARI,EXCLUDED_LOW_OBSERVATION,Flow availability (1.0%) is below 30% threshold. Record too fragmented for robust source training.
03090,Godavari,Manjeera,Saloora,PENDING_MATCH_PARTIAL,PENDING_MATCH_PARTIAL,1.0,30082.0,18.7928,77.8339,PARTIAL_FLOW_GODAVARI,EXCLUDED_LOW_OBSERVATION,Flow availability (1.0%) is below 30% threshold. Record too fragmented for robust source training.
03097,Godavari,Kolab,Sirimoda,PENDING_MATCH_PARTIAL,PENDING_MATCH_PARTIAL,0.11,440.0,18.6169,82.8669,PARTIAL_FLOW_GODAVARI,EXCLUDED_LOW_OBSERVATION,Flow availability (0.1%) is below 30% threshold. Record too fragmented for robust source training.
03101,Godavari,Godavari/Sabari,Sukma,PENDING_MATCH_PARTIAL,PENDING_MATCH_PARTIAL,0.06,8000.0,18.3844,81.6625,PARTIAL_FLOW_GODAVARI,EXCLUDED_LOW_OBSERVATION,Flow availability (0.1%) is below 30% threshold. Record too fragmented for robust source training.
03102,Godavari,Sabari,Talnar,PENDING_MATCH_PARTIAL,PENDING_MATCH_PARTIAL,0.52,7500.0,18.5853,81.8617,PARTIAL_FLOW_GODAVARI,EXCLUDED_LOW_OBSERVATION,Flow availability (0.5%) is below 30% threshold. Record too fragmented for robust source training.
04002,Krishna,Aleru,Anantharam,PENDING_MATCH_PARTIAL,PENDING_MATCH_PARTIAL,5.53,2448.0,17.4347,79.4119,PARTIAL_FLOW_KRISHNA,EXCLUDED_LOW_OBSERVATION,Flow availability (5.5%) is below 30% threshold. Record too fragmented for robust source training.
04010,Krishna,Krishna,Deosugur,PENDING_MATCH_PARTIAL,PENDING_MATCH_PARTIAL,8.39,129500.0,16.3822,77.3572,PARTIAL_FLOW_KRISHNA,EXCLUDED_LOW_OBSERVATION,Flow availability (8.4%) is below 30% threshold. Record too fragmented for robust source training.
04011,Krishna,Hundri,Doddipadu,PENDING_MATCH_PARTIAL,PENDING_MATCH_PARTIAL,9.44,3240.0,15.74,77.9931,PARTIAL_FLOW_KRISHNA,EXCLUDED_LOW_OBSERVATION,Flow availability (9.4%) is below 30% threshold. Record too fragmented for robust source training.
04014,Krishna,Krishna/Tungabhadra/Tunga,Hariharapura,PENDING_MATCH_PARTIAL,PENDING_MATCH_PARTIAL,0.01,663.0,13.5222,75.3033,PARTIAL_FLOW_KRISHNA,EXCLUDED_LOW_OBSERVATION,Flow availability (0.0%) is below 30% threshold. Record too fragmented for robust source training.
04020,Krishna,Krishna/Tungabhadra/Malathi,Kalmane,PENDING_MATCH_PARTIAL,PENDING_MATCH_PARTIAL,0.01,256.0,13.6519,75.1783,PARTIAL_FLOW_KRISHNA,EXCLUDED_LOW_OBSERVATION,Flow availability (0.0%) is below 30% threshold. Record too fragmented for robust source training.
04027,Krishna,Krishna/Tungabhadra/Bhadra,Lakkavalli,PENDING_MATCH_PARTIAL,PENDING_MATCH_PARTIAL,0.01,1975.0,13.7061,75.645,PARTIAL_FLOW_KRISHNA,EXCLUDED_LOW_OBSERVATION,Flow availability (0.0%) is below 30% threshold. Record too fragmented for robust source training.
04029,Krishna,Krishna/Tungabhadra/Tunga,Mahishi,PENDING_MATCH_PARTIAL,PENDING_MATCH_PARTIAL,0.01,1406.0,13.6972,75.3356,PARTIAL_FLOW_KRISHNA,EXCLUDED_LOW_OBSERVATION,Flow availability (0.0%) is below 30% threshold. Record too fragmented for robust source training.
04033,Krishna,Mula,Mirawadi,PENDING_MATCH_PARTIAL,PENDING_MATCH_PARTIAL,1.41,2640.0,18.5331,74.175,PARTIAL_FLOW_KRISHNA,EXCLUDED_LOW_OBSERVATION,Flow availability (1.4%) is below 30% threshold. Record too fragmented for robust source training.
04034,Krishna,Krishna/Ghatprabha,Mudhol,PENDING_MATCH_PARTIAL,PENDING_MATCH_PARTIAL,23.6,6734.0,16.3253,75.2831,PARTIAL_FLOW_KRISHNA,EXCLUDED_LOW_OBSERVATION,Flow availability (23.6%) is below 30% threshold. Record too fragmented for robust source training.
04035,Krishna,Eddu Vagu,Munugodu,PENDING_MATCH_PARTIAL,PENDING_MATCH_PARTIAL,4.33,648.0,16.5547,80.2064,PARTIAL_FLOW_KRISHNA,EXCLUDED_LOW_OBSERVATION,Flow availability (4.3%) is below 30% threshold. Record too fragmented for robust source training.
04037,Krishna,Yerla,Nandre,PENDING_MATCH_PARTIAL,PENDING_MATCH_PARTIAL,1.36,3035.0,16.9497,74.5292,PARTIAL_FLOW_KRISHNA,EXCLUDED_LOW_OBSERVATION,Flow availability (1.4%) is below 30% threshold. Record too fragmented for robust source training.
04053,Krishna,Dindi,Suddakallu,PENDING_MATCH_PARTIAL,PENDING_MATCH_PARTIAL,3.25,2340.0,16.5728,78.4233,PARTIAL_FLOW_KRISHNA,EXCLUDED_LOW_OBSERVATION,Flow availability (3.2%) is below 30% threshold. Record too fragmented for robust source training.
04059,Krishna,Tungapadu,Veerlapalem,PENDING_MATCH_PARTIAL,PENDING_MATCH_PARTIAL,4.51,625.0,16.6875,79.5489,PARTIAL_FLOW_KRISHNA,EXCLUDED_LOW_OBSERVATION,Flow availability (4.5%) is below 30% threshold. Record too fragmented for robust source training.
05003,Cauvery,Cauvery,Chunchunkatte,PENDING_MATCH_PARTIAL,PENDING_MATCH_PARTIAL,23.22,2995.0,12.5067,76.3008,PARTIAL_FLOW_CAUVERY,EXCLUDED_LOW_OBSERVATION,Flow availability (23.2%) is below 30% threshold. Record too fragmented for robust source training.
05009,Cauvery,Cauvery/Arkavathy,Kokkedoddy,PENDING_MATCH_PARTIAL,PENDING_MATCH_PARTIAL,0.22,6200.0,12.2961,77.4403,PARTIAL_FLOW_CAUVERY,EXCLUDED_LOW_OBSERVATION,Flow availability (0.2%) is below 30% threshold. Record too fragmented for robust source training.
05011,Cauvery,Cauvery/Kodaganar,Lakshmanapatti,PENDING_MATCH_PARTIAL,PENDING_MATCH_PARTIAL,0.21,1800.0,10.4981,77.9458,PARTIAL_FLOW_CAUVERY,EXCLUDED_LOW_OBSERVATION,Flow availability (0.2%) is below 30% threshold. Record too fragmented for robust source training.
05016,Cauvery,Cauvery/Kallar,Odenthurai,PENDING_MATCH_PARTIAL,PENDING_MATCH_PARTIAL,1.06,120.0,11.3217,76.8928,PARTIAL_FLOW_CAUVERY,EXCLUDED_LOW_OBSERVATION,Flow availability (1.1%) is below 30% threshold. Record too fragmented for robust source training.
05019,Cauvery,Cauvery/Chittar,Sevanur,PENDING_MATCH_PARTIAL,PENDING_MATCH_PARTIAL,18.4,258.0,11.555,77.7144,PARTIAL_FLOW_CAUVERY,EXCLUDED_LOW_OBSERVATION,Flow availability (18.4%) is below 30% threshold. Record too fragmented for robust source training.
06005,Subernarekha,Subarnarekha/Dulung,Fekoghat,PENDING_MATCH_PARTIAL,PENDING_MATCH_PARTIAL,26.71,700.0,22.3086,86.9164,PARTIAL_FLOW_SUBERNAREKHA,EXCLUDED_LOW_OBSERVATION,Flow availability (26.7%) is below 30% threshold. Record too fragmented for robust source training.
06009,Subernarekha,Subarnarekha,Jamsholaghat,PENDING_MATCH_PARTIAL,PENDING_MATCH_PARTIAL,8.38,16000.0,22.2197,86.7167,PARTIAL_FLOW_SUBERNAREKHA,EXCLUDED_LOW_OBSERVATION,Flow availability (8.4%) is below 30% threshold. Record too fragmented for robust source training.
06011,Subernarekha,Subarnarekha,Rajghat,PENDING_MATCH_PARTIAL,PENDING_MATCH_PARTIAL,5.09,18260.0,21.7678,87.1642,PARTIAL_FLOW_SUBERNAREKHA,EXCLUDED_LOW_OBSERVATION,Flow availability (5.1%) is below 30% threshold. Record too fragmented for robust source training.
07014,Brahmani-Baitarani,Brahmani,Talcher,PENDING_MATCH_PARTIAL,PENDING_MATCH_PARTIAL,26.49,29750.0,20.95,85.25,PARTIAL_FLOW_BRAHMANI-BAITARANI,EXCLUDED_LOW_OBSERVATION,Flow availability (26.5%) is below 30% threshold. Record too fragmented for robust source training.
08007,Mahanadi,Mahanadi,Boudh,PENDING_MATCH_PARTIAL,PENDING_MATCH_PARTIAL,9.16,123432.0,20.8656,84.3133,PARTIAL_FLOW_MAHANADI,EXCLUDED_LOW_OBSERVATION,Flow availability (9.2%) is below 30% threshold. Record too fragmented for robust source training.
08010,Mahanadi,Tandula,Gunderdehi,PENDING_MATCH_PARTIAL,PENDING_MATCH_PARTIAL,5.72,1735.0,20.9539,81.2936,PARTIAL_FLOW_MAHANADI,EXCLUDED_LOW_OBSERVATION,Flow availability (5.7%) is below 30% threshold. Record too fragmented for robust source training.
08012,Mahanadi,Mahanadi,Kalma,PENDING_MATCH_PARTIAL,PENDING_MATCH_PARTIAL,5.8,68268.0,21.6944,83.2778,PARTIAL_FLOW_MAHANADI,EXCLUDED_LOW_OBSERVATION,Flow availability (5.8%) is below 30% threshold. Record too fragmented for robust source training.
08015,Mahanadi,Mahanadi/Kelo,Kelo at Raigarh,PENDING_MATCH_PARTIAL,PENDING_MATCH_PARTIAL,28.43,950.0,21.8886,83.4,PARTIAL_FLOW_MAHANADI,EXCLUDED_LOW_OBSERVATION,Flow availability (28.4%) is below 30% threshold. Record too fragmented for robust source training.
08025,Mahanadi,Ong,Padampur,PENDING_MATCH_PARTIAL,PENDING_MATCH_PARTIAL,7.75,2420.0,21.0158,83.1031,PARTIAL_FLOW_MAHANADI,EXCLUDED_LOW_OBSERVATION,Flow availability (7.8%) is below 30% threshold. Record too fragmented for robust source training.
08027,Mahanadi,Mahanadi/Bheden,Paramanpur,PENDING_MATCH_PARTIAL,PENDING_MATCH_PARTIAL,8.84,2120.0,21.7728,84.0817,PARTIAL_FLOW_MAHANADI,EXCLUDED_LOW_OBSERVATION,Flow availability (8.8%) is below 30% threshold. Record too fragmented for robust source training.
09004,Pennar,Sagileru,Kalasapadu,PENDING_MATCH_PARTIAL,PENDING_MATCH_PARTIAL,0.01,996.0,15.1125,78.9381,PARTIAL_FLOW_PENNAR,EXCLUDED_LOW_OBSERVATION,Flow availability (0.0%) is below 30% threshold. Record too fragmented for robust source training.
09006,Pennar,Pennar,Nagalamedike,PENDING_MATCH_PARTIAL,PENDING_MATCH_PARTIAL,8.6,5050.0,14.1889,77.3722,PARTIAL_FLOW_PENNAR,EXCLUDED_LOW_OBSERVATION,Flow availability (8.6%) is below 30% threshold. Record too fragmented for robust source training.
09007,Pennar,Cheyyeru,Nandalur,PENDING_MATCH_PARTIAL,PENDING_MATCH_PARTIAL,2.38,5183.0,14.2547,79.1164,PARTIAL_FLOW_PENNAR,EXCLUDED_LOW_OBSERVATION,Flow availability (2.4%) is below 30% threshold. Record too fragmented for robust source training.
10007,Mahi,Som/Gomti,Khandiovari,PENDING_MATCH_PARTIAL,PENDING_MATCH_PARTIAL,1.52,1136.0,24.0114,73.6642,PARTIAL_FLOW_MAHI,EXCLUDED_LOW_OBSERVATION,Flow availability (1.5%) is below 30% threshold. Record too fragmented for robust source training.
12039,Narmada,Narmada,Mortakka,PENDING_MATCH_PARTIAL,PENDING_MATCH_PARTIAL,19.31,67184.0,22.2233,76.0411,PARTIAL_FLOW_NARMADA,EXCLUDED_LOW_OBSERVATION,Flow availability (19.3%) is below 30% threshold. Record too fragmented for robust source training.
12048,Narmada,Machna,Shahpur,PENDING_MATCH_PARTIAL,PENDING_MATCH_PARTIAL,10.88,841.0,22.1953,77.8983,PARTIAL_FLOW_NARMADA,EXCLUDED_LOW_OBSERVATION,Flow availability (10.9%) is below 30% threshold. Record too fragmented for robust source training.
13003,Tapi,Tapi,Bhusawal,PENDING_MATCH_PARTIAL,PENDING_MATCH_PARTIAL,0.05,32478.0,21.0683,75.7803,PARTIAL_FLOW_TAPI,EXCLUDED_LOW_OBSERVATION,Flow availability (0.1%) is below 30% threshold. Record too fragmented for robust source training.
13023,Tapi,Tapi,Teska (seasonal),PENDING_MATCH_PARTIAL,PENDING_MATCH_PARTIAL,5.28,1486.0,21.815,77.7736,PARTIAL_FLOW_TAPI,EXCLUDED_LOW_OBSERVATION,Flow availability (5.3%) is below 30% threshold. Record too fragmented for robust source training.
14002,WFRN,Gad,Belne Bridge,PENDING_MATCH_PARTIAL,PENDING_MATCH_PARTIAL,5.22,605.0,16.2167,73.6083,PARTIAL_FLOW_WFRN,EXCLUDED_LOW_OBSERVATION,Flow availability (5.2%) is below 30% threshold. Record too fragmented for robust source training.
14013,WFRN,Bav,Nivali,PENDING_MATCH_PARTIAL,PENDING_MATCH_PARTIAL,4.68,421.0,17.0692,73.45,PARTIAL_FLOW_WFRN,EXCLUDED_LOW_OBSERVATION,Flow availability (4.7%) is below 30% threshold. Record too fragmented for robust source training.
15002,WFRS,Shiriya,Adkasthala,PENDING_MATCH_PARTIAL,PENDING_MATCH_PARTIAL,0.11,231.0,12.6747,75.1183,PARTIAL_FLOW_WFRS,EXCLUDED_LOW_OBSERVATION,Flow availability (0.1%) is below 30% threshold. Record too fragmented for robust source training.
15004,WFRS,Ithikkara,Arakkannur,PENDING_MATCH_PARTIAL,PENDING_MATCH_PARTIAL,0.01,202.0,8.8725,76.8417,PARTIAL_FLOW_WFRS,EXCLUDED_LOW_OBSERVATION,Flow availability (0.0%) is below 30% threshold. Record too fragmented for robust source training.
15015,WFRS,Gayatri,Kondazhy,PENDING_MATCH_PARTIAL,PENDING_MATCH_PARTIAL,0.01,947.0,10.7233,76.4028,PARTIAL_FLOW_WFRS,EXCLUDED_LOW_OBSERVATION,Flow availability (0.0%) is below 30% threshold. Record too fragmented for robust source training.
15025,WFRS,Kumaradhara,Pulikukku,PENDING_MATCH_PARTIAL,PENDING_MATCH_PARTIAL,0.06,1047.0,12.7097,75.4689,PARTIAL_FLOW_WFRS,EXCLUDED_LOW_OBSERVATION,Flow availability (0.1%) is below 30% threshold. Record too fragmented for robust source training.
15027,WFRS,Kodayar,Thiruvarambu,PENDING_MATCH_PARTIAL,PENDING_MATCH_PARTIAL,0.02,204.0,8.3642,77.2589,PARTIAL_FLOW_WFRS,EXCLUDED_LOW_OBSERVATION,Flow availability (0.0%) is below 30% threshold. Record too fragmented for robust source training.
15028,WFRS,Paraliyar,Thiruvattar,PENDING_MATCH_PARTIAL,PENDING_MATCH_PARTIAL,0.01,230.0,8.3278,77.2669,PARTIAL_FLOW_WFRS,EXCLUDED_LOW_OBSERVATION,Flow availability (0.0%) is below 30% threshold. Record too fragmented for robust source training.
16010,EFRN,Gundlakamma,Marella,PENDING_MATCH_PARTIAL,PENDING_MATCH_PARTIAL,6.19,7681.0,15.8828,79.91,PARTIAL_FLOW_EFRN,EXCLUDED_LOW_OBSERVATION,Flow availability (6.2%) is below 30% threshold. Record too fragmented for robust source training.
16015,EFRN,Paleru,Vikkiralapeta,PENDING_MATCH_PARTIAL,PENDING_MATCH_PARTIAL,3.67,2180.0,15.3,79.9125,PARTIAL_FLOW_EFRN,EXCLUDED_LOW_OBSERVATION,Flow availability (3.7%) is below 30% threshold. Record too fragmented for robust source training.
17002,EFRS,Palar,Arcot,PENDING_MATCH_PARTIAL,PENDING_MATCH_PARTIAL,19.37,10174.0,12.9139,79.3333,PARTIAL_FLOW_EFRS,EXCLUDED_LOW_OBSERVATION,Flow availability (19.4%) is below 30% threshold. Record too fragmented for robust source training.
17008,EFRS,Gomukhi Nadi (North),Kalpadai,PENDING_MATCH_PARTIAL,PENDING_MATCH_PARTIAL,0.43,128.0,11.7889,78.7867,PARTIAL_FLOW_EFRS,EXCLUDED_LOW_OBSERVATION,Flow availability (0.4%) is below 30% threshold. Record too fragmented for robust source training.
17014,EFRS,Kalingi,Pallamala,PENDING_MATCH_PARTIAL,PENDING_MATCH_PARTIAL,0.12,1008.0,13.7181,79.7925,PARTIAL_FLOW_EFRS,EXCLUDED_LOW_OBSERVATION,Flow availability (0.1%) is below 30% threshold. Record too fragmented for robust source training.
17016,EFRS,Maharajasamudram,Pattukottai,PENDING_MATCH_PARTIAL,PENDING_MATCH_PARTIAL,0.31,550.0,10.4169,79.2917,PARTIAL_FLOW_EFRS,EXCLUDED_LOW_OBSERVATION,Flow availability (0.3%) is below 30% threshold. Record too fragmented for robust source training.
17018,EFRS,Ponnaiyar,Singasadanapalli,PENDING_MATCH_PARTIAL,PENDING_MATCH_PARTIAL,0.68,4620.0,12.8669,77.8408,PARTIAL_FLOW_EFRS,EXCLUDED_LOW_OBSERVATION,Flow availability (0.7%) is below 30% threshold. Record too fragmented for robust source training.
17025,EFRS,Malattar,V.Kallathur,PENDING_MATCH_PARTIAL,PENDING_MATCH_PARTIAL,0.01,1017.0,11.4022,78.93,PARTIAL_FLOW_EFRS,EXCLUDED_LOW_OBSERVATION,Flow availability (0.0%) is below 30% threshold. Record too fragmented for robust source training.
03003,Godavari,Godavari/Pranhita/Wainganga/Chulband,Ambgaon (Bagdi),ZERO_FLOW_GODAVARI,ZERO_FLOW_GODAVARI,0.0,2150.0,20.7783,79.8514,ZERO_FLOW_GODAVARI,EXCLUDED_UNGAUGED_NESTED,EXCLUDE_FROM_UNGAUGED_TEST: Severe spatial redundancy: >95% nested inside gauged catchment 3005. Note: 0% observed streamflow means quantitative evaluation against ground truth discharge is impossible.
03004,Godavari,Godavari/Pranhita/Wardha/Penganga,Asegaon,ZERO_FLOW_GODAVARI,ZERO_FLOW_GODAVARI,0.0,2900.0,20.0336,76.9583,ZERO_FLOW_GODAVARI,EXCLUDED_UNGAUGED_NESTED,EXCLUDE_FROM_UNGAUGED_TEST: Severe spatial redundancy: >95% nested inside gauged catchment 3008. Note: 0% observed streamflow means quantitative evaluation against ground truth discharge is impossible.
03006,Godavari,Godavari/Pranhita/Wainganga,Bakhari,ZERO_FLOW_GODAVARI,ZERO_FLOW_GODAVARI,0.0,1200.0,22.3244,79.4678,ZERO_FLOW_GODAVARI,EXCLUDED_UNGAUGED_NESTED,EXCLUDE_FROM_UNGAUGED_TEST: Severe spatial redundancy: >95% nested inside gauged catchment 3005. Note: 0% observed streamflow means quantitative evaluation against ground truth discharge is impossible.
03007,Godavari,Godavari/Pranhita/Wainganga,Balaghat,ZERO_FLOW_GODAVARI,ZERO_FLOW_GODAVARI,0.0,8100.0,21.8053,80.175,ZERO_FLOW_GODAVARI,EXCLUDED_UNGAUGED_NESTED,EXCLUDE_FROM_UNGAUGED_TEST: Severe spatial redundancy: >95% nested inside gauged catchment 3005. Note: 0% observed streamflow means quantitative evaluation against ground truth discharge is impossible.
03011,Godavari,Godavari/Suddha Vagu,Bhainsa,ZERO_FLOW_GODAVARI,ZERO_FLOW_GODAVARI,0.0,1500.0,19.0989,77.9606,ZERO_FLOW_GODAVARI,EXCLUDED_UNGAUGED_NESTED,EXCLUDE_FROM_UNGAUGED_TEST: Severe spatial redundancy: >95% nested inside gauged catchment 3043. Note: 0% observed streamflow means quantitative evaluation against ground truth discharge is impossible.
03015,Godavari,Godavari/Pranhita/Sobhana,Bichubagu,ZERO_FLOW_GODAVARI,ZERO_FLOW_GODAVARI,0.0,325.0,21.6978,78.8592,ZERO_FLOW_GODAVARI,EXCLUDED_UNGAUGED_NESTED,EXCLUDE_FROM_UNGAUGED_TEST: Severe spatial redundancy: >95% nested inside gauged catchment 3005. Note: 0% observed streamflow means quantitative evaluation against ground truth discharge is impossible.
03016,Godavari,Godavari/Pranhita/Wainganga/Kanhan,Bina,ZERO_FLOW_GODAVARI,ZERO_FLOW_GODAVARI,0.0,10700.0,21.2658,79.1692,ZERO_FLOW_GODAVARI,EXCLUDED_UNGAUGED_NESTED,EXCLUDE_FROM_UNGAUGED_TEST: Severe spatial redundancy: >95% nested inside gauged catchment 3005. Note: 0% observed streamflow means quantitative evaluation against ground truth discharge is impossible.
03021,Godavari,Godavari/Dharna,Dharna Dam,ZERO_FLOW_GODAVARI,ZERO_FLOW_GODAVARI,0.0,404.0,19.8061,73.7467,ZERO_FLOW_GODAVARI,EXCLUDED_UNGAUGED_NESTED,EXCLUDE_FROM_UNGAUGED_TEST: Severe spatial redundancy: >95% nested inside gauged catchment 3020. Note: 0% observed streamflow means quantitative evaluation against ground truth discharge is impossible.
03022,Godavari,Godavari,Dowlaiswaram,ZERO_FLOW_GODAVARI,ZERO_FLOW_GODAVARI,0.0,311150.0,16.9383,81.7825,ZERO_FLOW_GODAVARI,EXCLUDED_UNGAUGED_NESTED,"EXCLUDE_FROM_UNGAUGED_TEST: Extreme macro-catchment scale (308433.8 km2 > 100,000 km2); spans continental basin with complex multi-tributary dynamics. Note: 0% observed streamflow means quantitative evaluation against ground truth discharge is impossible."
03023,Godavari,Godavari,Dummagudem,ZERO_FLOW_GODAVARI,ZERO_FLOW_GODAVARI,0.0,279745.0,17.8372,80.8861,ZERO_FLOW_GODAVARI,EXCLUDED_UNGAUGED_NESTED,"EXCLUDE_FROM_UNGAUGED_TEST: Extreme macro-catchment scale (276883.2 km2 > 100,000 km2); spans continental basin with complex multi-tributary dynamics. Note: 0% observed streamflow means quantitative evaluation against ground truth discharge is impossible."
03025,Godavari,Godavari,Gangakhed W/L Station,ZERO_FLOW_GODAVARI,ZERO_FLOW_GODAVARI,0.0,33934.0,18.9789,76.7547,ZERO_FLOW_GODAVARI,EXCLUDED_UNGAUGED_NESTED,EXCLUDE_FROM_UNGAUGED_TEST: Severe spatial redundancy: >95% nested inside gauged catchment 3020. Note: 0% observed streamflow means quantitative evaluation against ground truth discharge is impossible.
03026,Godavari,Godavari,Gangapur Dam,ZERO_FLOW_GODAVARI,ZERO_FLOW_GODAVARI,0.0,357.4,20.04,73.6794,ZERO_FLOW_GODAVARI,EXCLUDED_UNGAUGED_NESTED,EXCLUDE_FROM_UNGAUGED_TEST: Severe spatial redundancy: >95% nested inside gauged catchment 3020. Note: 0% observed streamflow means quantitative evaluation against ground truth discharge is impossible.
03032,Godavari,Godavari,Jaikwadi Dam,ZERO_FLOW_GODAVARI,ZERO_FLOW_GODAVARI,0.0,22410.0,19.4872,75.3711,ZERO_FLOW_GODAVARI,EXCLUDED_UNGAUGED_NESTED,EXCLUDE_FROM_UNGAUGED_TEST: Severe spatial redundancy: >95% nested inside gauged catchment 3020. Note: 0% observed streamflow means quantitative evaluation against ground truth discharge is impossible.
03033,Godavari,Sabari,Jalaput Dam,ZERO_FLOW_GODAVARI,ZERO_FLOW_GODAVARI,0.0,1963.0,18.4531,82.5461,ZERO_FLOW_GODAVARI,EXCLUDED_UNGAUGED_NESTED,EXCLUDE_FROM_UNGAUGED_TEST: Severe spatial redundancy: >95% nested inside gauged catchment 3043. Note: 0% observed streamflow means quantitative evaluation against ground truth discharge is impossible.
03034,Godavari,Manjeera,Janepally,ZERO_FLOW_GODAVARI,ZERO_FLOW_GODAVARI,0.0,578.0,18.8111,78.0653,ZERO_FLOW_GODAVARI,EXCLUDED_UNGAUGED_NESTED,EXCLUDE_FROM_UNGAUGED_TEST: Severe spatial redundancy: >95% nested inside gauged catchment 3043. Note: 0% observed streamflow means quantitative evaluation against ground truth discharge is impossible.
03035,Godavari,Kolab,Jeeraguda,ZERO_FLOW_GODAVARI,ZERO_FLOW_GODAVARI,0.0,1468.0,18.9492,82.4056,ZERO_FLOW_GODAVARI,EXCLUDED_UNGAUGED_NESTED,EXCLUDE_FROM_UNGAUGED_TEST: Severe spatial redundancy: >95% nested inside gauged catchment 3043. Note: 0% observed streamflow means quantitative evaluation against ground truth discharge is impossible.
03037,Godavari,Godavari/Pranhita/Penganga,Kamgarpur,ZERO_FLOW_GODAVARI,ZERO_FLOW_GODAVARI,0.0,21741.0,19.7817,78.7619,ZERO_FLOW_GODAVARI,EXCLUDED_UNGAUGED_NESTED,EXCLUDE_FROM_UNGAUGED_TEST: Severe spatial redundancy: >95% nested inside gauged catchment 3008. Note: 0% observed streamflow means quantitative evaluation against ground truth discharge is impossible.
03039,Godavari,Godavari/Pranhita/Wardha,Kapsi,ZERO_FLOW_GODAVARI,ZERO_FLOW_GODAVARI,0.0,11438.0,20.4417,78.5936,ZERO_FLOW_GODAVARI,EXCLUDED_UNGAUGED_NESTED,EXCLUDE_FROM_UNGAUGED_TEST: Severe spatial redundancy: >95% nested inside gauged catchment 3008. Note: 0% observed streamflow means quantitative evaluation against ground truth discharge is impossible.
03044,Godavari,Godavari/Pranhita/Pench/Kanhan,Kokriwada,ZERO_FLOW_GODAVARI,ZERO_FLOW_GODAVARI,0.0,2000.0,21.9036,79.2322,ZERO_FLOW_GODAVARI,EXCLUDED_UNGAUGED_NESTED,EXCLUDE_FROM_UNGAUGED_TEST: Severe spatial redundancy: >95% nested inside gauged catchment 3005. Note: 0% observed streamflow means quantitative evaluation against ground truth discharge is impossible.
03052,Godavari,Godavari/Pranhita/Jam/Wardha,Lodhikheda,ZERO_FLOW_GODAVARI,ZERO_FLOW_GODAVARI,0.0,1625.0,21.5847,78.8561,ZERO_FLOW_GODAVARI,EXCLUDED_UNGAUGED_NESTED,EXCLUDE_FROM_UNGAUGED_TEST: Severe spatial redundancy: >95% nested inside gauged catchment 3005. Note: 0% observed streamflow means quantitative evaluation against ground truth discharge is impossible.
03053,Godavari,Godavari/Pranhita/Wardha/Pus,Mahagaon,ZERO_FLOW_GODAVARI,ZERO_FLOW_GODAVARI,0.0,2600.0,19.7961,77.7706,ZERO_FLOW_GODAVARI,EXCLUDED_UNGAUGED_NESTED,EXCLUDE_FROM_UNGAUGED_TEST: Severe spatial redundancy: >95% nested inside gauged catchment 3008. Note: 0% observed streamflow means quantitative evaluation against ground truth discharge is impossible.
03054,Godavari,Godavari/Pranhita/Wainganga,Mahalgaon,ZERO_FLOW_GODAVARI,ZERO_FLOW_GODAVARI,0.0,15600.0,21.4786,79.9256,ZERO_FLOW_GODAVARI,EXCLUDED_UNGAUGED_NESTED,EXCLUDE_FROM_UNGAUGED_TEST: Severe spatial redundancy: >95% nested inside gauged catchment 3005. Note: 0% observed streamflow means quantitative evaluation against ground truth discharge is impossible.
03058,Godavari,Godavari/Pranhita/Waianganga/Kanhan,Mouda,ZERO_FLOW_GODAVARI,ZERO_FLOW_GODAVARI,0.0,11600.0,21.1492,79.3911,ZERO_FLOW_GODAVARI,EXCLUDED_UNGAUGED_NESTED,EXCLUDE_FROM_UNGAUGED_TEST: Severe spatial redundancy: >95% nested inside gauged catchment 3005. Note: 0% observed streamflow means quantitative evaluation against ground truth discharge is impossible.
03059,Godavari,Godavari/Pranhita/Penganga,Mungoli (Township),ZERO_FLOW_GODAVARI,ZERO_FLOW_GODAVARI,0.0,22441.0,19.8644,79.125,ZERO_FLOW_GODAVARI,EXCLUDED_UNGAUGED_NESTED,EXCLUDE_FROM_UNGAUGED_TEST: Severe spatial redundancy: >95% nested inside gauged catchment 3008. Note: 0% observed streamflow means quantitative evaluation against ground truth discharge is impossible.
03062,Godavari,Godavari/Pranhita/Thanwar,Nainpur,ZERO_FLOW_GODAVARI,ZERO_FLOW_GODAVARI,0.0,1050.0,22.425,80.0919,ZERO_FLOW_GODAVARI,EXCLUDED_UNGAUGED_NESTED,EXCLUDE_FROM_UNGAUGED_TEST: Severe spatial redundancy: >95% nested inside gauged catchment 3005. Note: 0% observed streamflow means quantitative evaluation against ground truth discharge is impossible.
03065,Godavari,Godavari,Nasik,ZERO_FLOW_GODAVARI,ZERO_FLOW_GODAVARI,0.0,650.0,20.0019,73.8033,ZERO_FLOW_GODAVARI,EXCLUDED_UNGAUGED_NESTED,EXCLUDE_FROM_UNGAUGED_TEST: Severe spatial redundancy: >95% nested inside gauged catchment 3020. Note: 0% observed streamflow means quantitative evaluation against ground truth discharge is impossible.
03066,Godavari,Godavari/Manjira,Nizam Sagar,ZERO_FLOW_GODAVARI,ZERO_FLOW_GODAVARI,0.0,22650.0,18.2167,77.9406,ZERO_FLOW_GODAVARI,EXCLUDED_UNGAUGED_NESTED,EXCLUDE_FROM_UNGAUGED_TEST: Severe spatial redundancy: >95% nested inside gauged catchment 3043. Note: 0% observed streamflow means quantitative evaluation against ground truth discharge is impossible.
03067,Godavari,Godavari,NMD Wier,ZERO_FLOW_GODAVARI,ZERO_FLOW_GODAVARI,0.0,4650.0,20.0094,74.1322,ZERO_FLOW_GODAVARI,EXCLUDED_UNGAUGED_NESTED,EXCLUDE_FROM_UNGAUGED_TEST: Severe spatial redundancy: >95% nested inside gauged catchment 3020. Note: 0% observed streamflow means quantitative evaluation against ground truth discharge is impossible.
03070,Godavari,Godavari/Pranhita/Wardha,Patala,ZERO_FLOW_GODAVARI,ZERO_FLOW_GODAVARI,0.0,20829.0,20.1253,79.0,ZERO_FLOW_GODAVARI,EXCLUDED_UNGAUGED_NESTED,EXCLUDE_FROM_UNGAUGED_TEST: Severe spatial redundancy: >95% nested inside gauged catchment 3008. Note: 0% observed streamflow means quantitative evaluation against ground truth discharge is impossible.
03078,Godavari,Godavari/Pranhita/Wardha/Nirguda,Purad,ZERO_FLOW_GODAVARI,ZERO_FLOW_GODAVARI,0.0,1250.0,19.9567,79.0467,ZERO_FLOW_GODAVARI,EXCLUDED_UNGAUGED_NESTED,EXCLUDE_FROM_UNGAUGED_TEST: Severe spatial redundancy: >95% nested inside gauged catchment 3008. Note: 0% observed streamflow means quantitative evaluation against ground truth discharge is impossible.
03080,Godavari,Godavari,Rajahmundry,ZERO_FLOW_GODAVARI,ZERO_FLOW_GODAVARI,0.0,310610.0,16.9661,81.7831,ZERO_FLOW_GODAVARI,EXCLUDED_UNGAUGED_NESTED,"EXCLUDE_FROM_UNGAUGED_TEST: Extreme macro-catchment scale (308427.7 km2 > 100,000 km2); spans continental basin with complex multi-tributary dynamics. Note: 0% observed streamflow means quantitative evaluation against ground truth discharge is impossible."
03084,Godavari,Godavari/Pranhita/Penganga/Kaydhu,Rui,ZERO_FLOW_GODAVARI,ZERO_FLOW_GODAVARI,0.0,2500.0,19.5219,77.6231,ZERO_FLOW_GODAVARI,EXCLUDED_UNGAUGED_NESTED,EXCLUDE_FROM_UNGAUGED_TEST: Severe spatial redundancy: >95% nested inside gauged catchment 3008. Note: 0% observed streamflow means quantitative evaluation against ground truth discharge is impossible.
03086,Godavari,Godavari/Pranhita/Wainganga,Sakhra,ZERO_FLOW_GODAVARI,ZERO_FLOW_GODAVARI,0.0,46290.0,20.3111,79.9586,ZERO_FLOW_GODAVARI,EXCLUDED_UNGAUGED_NESTED,EXCLUDE_FROM_UNGAUGED_TEST: Severe spatial redundancy: >95% nested inside gauged catchment 3005. Note: 0% observed streamflow means quantitative evaluation against ground truth discharge is impossible.
03088,Godavari,Godavari/Pranhita//Wainganga/Chulband,Sakoli Bridge,ZERO_FLOW_GODAVARI,ZERO_FLOW_GODAVARI,0.0,1575.0,21.0817,80.105,ZERO_FLOW_GODAVARI,EXCLUDED_UNGAUGED_NESTED,EXCLUDE_FROM_UNGAUGED_TEST: Severe spatial redundancy: >95% nested inside gauged catchment 3005. Note: 0% observed streamflow means quantitative evaluation against ground truth discharge is impossible.
03093,Godavari,Godavari/Pranhita/Hirri,Sarekha,ZERO_FLOW_GODAVARI,ZERO_FLOW_GODAVARI,0.0,1100.0,22.17,80.02,ZERO_FLOW_GODAVARI,EXCLUDED_UNGAUGED_NESTED,EXCLUDE_FROM_UNGAUGED_TEST: Severe spatial redundancy: >95% nested inside gauged catchment 3005. Note: 0% observed streamflow means quantitative evaluation against ground truth discharge is impossible.
03095,Godavari,Godavari/Pranhita/Wardha/Bor,Selu,ZERO_FLOW_GODAVARI,ZERO_FLOW_GODAVARI,0.0,1275.0,20.8419,78.7181,ZERO_FLOW_GODAVARI,EXCLUDED_UNGAUGED_NESTED,EXCLUDE_FROM_UNGAUGED_TEST: Severe spatial redundancy: >95% nested inside gauged catchment 3008. Note: 0% observed streamflow means quantitative evaluation against ground truth discharge is impossible.
03096,Godavari,Godavari/Manjira,Singur,ZERO_FLOW_GODAVARI,ZERO_FLOW_GODAVARI,0.0,16097.0,17.75,77.9283,ZERO_FLOW_GODAVARI,EXCLUDED_UNGAUGED_NESTED,EXCLUDE_FROM_UNGAUGED_TEST: Severe spatial redundancy: >95% nested inside gauged catchment 3043. Note: 0% observed streamflow means quantitative evaluation against ground truth discharge is impossible.
03100,Godavari,Godavari,Sriram Sagar,ZERO_FLOW_GODAVARI,ZERO_FLOW_GODAVARI,0.0,90350.0,18.9664,78.3447,ZERO_FLOW_GODAVARI,EXCLUDED_UNGAUGED_NESTED,EXCLUDE_FROM_UNGAUGED_TEST: Severe spatial redundancy: >95% nested inside gauged catchment 3043. Note: 0% observed streamflow means quantitative evaluation against ground truth discharge is impossible.
03104,Godavari,Godavari/Pranhita/Son,Temni,ZERO_FLOW_GODAVARI,ZERO_FLOW_GODAVARI,0.0,1050.0,21.5328,80.6239,ZERO_FLOW_GODAVARI,EXCLUDED_UNGAUGED_NESTED,EXCLUDE_FROM_UNGAUGED_TEST: Severe spatial redundancy: >95% nested inside gauged catchment 3005. Note: 0% observed streamflow means quantitative evaluation against ground truth discharge is impossible.
03106,Godavari,Indravati,Upper Indravati Dam,ZERO_FLOW_GODAVARI,ZERO_FLOW_GODAVARI,0.0,2630.0,19.2761,82.8281,ZERO_FLOW_GODAVARI,EXCLUDED_UNGAUGED_NESTED,EXCLUDE_FROM_UNGAUGED_TEST: Severe spatial redundancy: >95% nested inside gauged catchment 3018. Note: 0% observed streamflow means quantitative evaluation against ground truth discharge is impossible.
03108,Godavari,Godavari/Pranhita/Chandan,Waraseoni,ZERO_FLOW_GODAVARI,ZERO_FLOW_GODAVARI,0.0,1200.0,21.7614,80.0381,ZERO_FLOW_GODAVARI,EXCLUDED_UNGAUGED_NESTED,EXCLUDE_FROM_UNGAUGED_TEST: Severe spatial redundancy: >95% nested inside gauged catchment 3005. Note: 0% observed streamflow means quantitative evaluation against ground truth discharge is impossible.
04001,Krishna,Krishna,Almatti dam,ZERO_FLOW_KRISHNA,ZERO_FLOW_KRISHNA,0.0,36286.0,16.3317,75.8872,ZERO_FLOW_KRISHNA,EXCLUDED_UNGAUGED_NESTED,EXCLUDE_FROM_UNGAUGED_TEST: Severe spatial redundancy: >95% nested inside gauged catchment 4017. Note: 0% observed streamflow means quantitative evaluation against ground truth discharge is impossible.
04008,Krishna,Krishna/Bhima,Daund,ZERO_FLOW_KRISHNA,ZERO_FLOW_KRISHNA,0.0,11660.0,18.4739,74.5764,ZERO_FLOW_KRISHNA,EXCLUDED_UNGAUGED_NESTED,EXCLUDE_FROM_UNGAUGED_TEST: Severe spatial redundancy: >95% nested inside gauged catchment 4019. Note: 0% observed streamflow means quantitative evaluation against ground truth discharge is impossible.
04009,Krishna,Krishna/Bhima,Deongaon Bridge,ZERO_FLOW_KRISHNA,ZERO_FLOW_KRISHNA,0.0,50843.0,17.1703,76.3283,ZERO_FLOW_KRISHNA,EXCLUDED_UNGAUGED_NESTED,EXCLUDE_FROM_UNGAUGED_TEST: Severe spatial redundancy: >95% nested inside gauged catchment 4019. Note: 0% observed streamflow means quantitative evaluation against ground truth discharge is impossible.
04036,Krishna,Krishna,Nagarjuna Sagar Dam,ZERO_FLOW_KRISHNA,ZERO_FLOW_KRISHNA,0.0,215194.0,16.5722,79.3111,ZERO_FLOW_KRISHNA,EXCLUDED_UNGAUGED_NESTED,"EXCLUDE_FROM_UNGAUGED_TEST: Extreme macro-catchment scale (219809.3 km2 > 100,000 km2); spans continental basin with complex multi-tributary dynamics. Note: 0% observed streamflow means quantitative evaluation against ground truth discharge is impossible."
04042,Krishna,Bhima,Paragon,ZERO_FLOW_KRISHNA,ZERO_FLOW_KRISHNA,0.0,6251.0,18.5581,74.375,ZERO_FLOW_KRISHNA,EXCLUDED_UNGAUGED_NESTED,EXCLUDE_FROM_UNGAUGED_TEST: Severe spatial redundancy: >95% nested inside gauged catchment 4019. Note: 0% observed streamflow means quantitative evaluation against ground truth discharge is impossible.
04043,Krishna,Krishna,P.D. Jurala,ZERO_FLOW_KRISHNA,ZERO_FLOW_KRISHNA,0.0,132800.0,16.3252,77.7064,ZERO_FLOW_KRISHNA,EXCLUDED_UNGAUGED_NESTED,"EXCLUDE_FROM_UNGAUGED_TEST: Extreme macro-catchment scale (129139.9 km2 > 100,000 km2); spans continental basin with complex multi-tributary dynamics. Note: 0% observed streamflow means quantitative evaluation against ground truth discharge is impossible."
04045,Krishna,Krishna/Munneru,Polampalli,ZERO_FLOW_KRISHNA,ZERO_FLOW_KRISHNA,0.0,6112.0,17.0156,80.1717,ZERO_FLOW_KRISHNA,EXCLUDED_UNGAUGED_NESTED,EXCLUDE_FROM_UNGAUGED_TEST: Severe spatial redundancy: >95% nested inside gauged catchment 4022. Note: 0% observed streamflow means quantitative evaluation against ground truth discharge is impossible.
04046,Krishna,Krishna,PrakasamBarrage,ZERO_FLOW_KRISHNA,ZERO_FLOW_KRISHNA,0.0,251360.0,16.5078,80.6053,ZERO_FLOW_KRISHNA,EXCLUDED_UNGAUGED_NESTED,"EXCLUDE_FROM_UNGAUGED_TEST: Extreme macro-catchment scale (257252.9 km2 > 100,000 km2); spans continental basin with complex multi-tributary dynamics. Note: 0% observed streamflow means quantitative evaluation against ground truth discharge is impossible."
04052,Krishna,Krishna,Srisailam,ZERO_FLOW_KRISHNA,ZERO_FLOW_KRISHNA,0.0,206041.0,16.0869,78.8967,ZERO_FLOW_KRISHNA,EXCLUDED_UNGAUGED_NESTED,"EXCLUDE_FROM_UNGAUGED_TEST: Extreme macro-catchment scale (210549.1 km2 > 100,000 km2); spans continental basin with complex multi-tributary dynamics. Note: 0% observed streamflow means quantitative evaluation against ground truth discharge is impossible."
04058,Krishna,Krishna/Tungabhadra,Tungbhadra Dam,ZERO_FLOW_KRISHNA,ZERO_FLOW_KRISHNA,0.0,28179.0,15.2644,76.3322,ZERO_FLOW_KRISHNA,EXCLUDED_UNGAUGED_NESTED,EXCLUDE_FROM_UNGAUGED_TEST: Severe spatial redundancy: >95% nested inside gauged catchment 4004. Note: 0% observed streamflow means quantitative evaluation against ground truth discharge is impossible.
05006,Cauvery,Cauvery/Kabini,Hommaragalli,ZERO_FLOW_CAUVERY,ZERO_FLOW_CAUVERY,0.0,6200.0,12.1139,76.4633,ZERO_FLOW_CAUVERY,EXCLUDED_UNGAUGED_NESTED,EXCLUDE_FROM_UNGAUGED_TEST: Severe spatial redundancy: >95% nested inside gauged catchment 5002. Note: 0% observed streamflow means quantitative evaluation against ground truth discharge is impossible.
05020,Cauvery,Cauvery/Ayyar,Tandalaiputhur,ZERO_FLOW_CAUVERY,ZERO_FLOW_CAUVERY,0.0,1135.0,10.9911,78.5133,ZERO_FLOW_CAUVERY,OPERATIONAL_UNGAUGED_DEPLOYMENT,"GOOD_UNGAUGED_TARGET: Well-defined catchment (1118.6 km2), 0 dams, clean natural drainage, complete daily forcings and static attributes. Note: 0% observed streamflow means quantitative evaluation against ground truth discharge is impossible."
05026,Cauvery,Cauvery/Shimsha,Thoreshettyhalli,ZERO_FLOW_CAUVERY,ZERO_FLOW_CAUVERY,0.0,6410.0,12.6667,77.04,ZERO_FLOW_CAUVERY,EXCLUDED_UNGAUGED_NESTED,EXCLUDE_FROM_UNGAUGED_TEST: Severe spatial redundancy: >95% nested inside gauged catchment 5002. Note: 0% observed streamflow means quantitative evaluation against ground truth discharge is impossible.
06002,Subernarekha,Burhabalang,Baripada,ZERO_FLOW_SUBERNAREKHA,ZERO_FLOW_SUBERNAREKHA,0.0,1695.0,21.9311,86.7186,ZERO_FLOW_SUBERNAREKHA,EXCLUDED_UNGAUGED_NESTED,EXCLUDE_FROM_UNGAUGED_TEST: Severe spatial redundancy: >95% nested inside gauged catchment 6007. Note: 0% observed streamflow means quantitative evaluation against ground truth discharge is impossible.
06003,Subernarekha,Burhabalang/Katranala,Chandanpur,ZERO_FLOW_SUBERNAREKHA,ZERO_FLOW_SUBERNAREKHA,0.0,250.0,22.1669,86.5711,ZERO_FLOW_SUBERNAREKHA,EXCLUDED_UNGAUGED_NESTED,EXCLUDE_FROM_UNGAUGED_TEST: Severe spatial redundancy: >95% nested inside gauged catchment 6007. Note: 0% observed streamflow means quantitative evaluation against ground truth discharge is impossible.
06004,Subernarekha,Subarnarekha,D/S of Chandil Dam,ZERO_FLOW_SUBERNAREKHA,ZERO_FLOW_SUBERNAREKHA,0.0,5248.0,22.9708,86.0208,ZERO_FLOW_SUBERNAREKHA,EXCLUDED_UNGAUGED_NESTED,EXCLUDE_FROM_UNGAUGED_TEST: Severe spatial redundancy: >95% nested inside gauged catchment 6006. Note: 0% observed streamflow means quantitative evaluation against ground truth discharge is impossible.
06010,Subernarekha,Burhabalang/Sone,Jaypur,ZERO_FLOW_SUBERNAREKHA,ZERO_FLOW_SUBERNAREKHA,0.0,1185.0,21.6092,86.6833,ZERO_FLOW_SUBERNAREKHA,EXCLUDED_UNGAUGED_NESTED,EXCLUDE_FROM_UNGAUGED_TEST: Severe spatial redundancy: >95% nested inside gauged catchment 6007. Note: 0% observed streamflow means quantitative evaluation against ground truth discharge is impossible.
07003,Brahmani-Baitarani,Brahmani,Bhuban,ZERO_FLOW_BRAHMANI-BAITARANI,ZERO_FLOW_BRAHMANI-BAITARANI,0.0,33050.0,20.8611,85.8597,ZERO_FLOW_BRAHMANI-BAITARANI,EXCLUDED_UNGAUGED_NESTED,EXCLUDE_FROM_UNGAUGED_TEST: Severe spatial redundancy: >95% nested inside gauged catchment 7009. Note: 0% observed streamflow means quantitative evaluation against ground truth discharge is impossible.
07004,Brahmani-Baitarani,Brahmani,Bolani,ZERO_FLOW_BRAHMANI-BAITARANI,ZERO_FLOW_BRAHMANI-BAITARANI,0.0,19453.0,22.13,84.88,ZERO_FLOW_BRAHMANI-BAITARANI,EXCLUDED_UNGAUGED_NESTED,EXCLUDE_FROM_UNGAUGED_TEST: Severe spatial redundancy: >95% nested inside gauged catchment 7007. Note: 0% observed streamflow means quantitative evaluation against ground truth discharge is impossible.
07006,Brahmani-Baitarani,Brahmani,Gohira,ZERO_FLOW_BRAHMANI-BAITARANI,ZERO_FLOW_BRAHMANI-BAITARANI,0.0,437.0,21.4578,84.6917,ZERO_FLOW_BRAHMANI-BAITARANI,EXCLUDED_UNGAUGED_NESTED,EXCLUDE_FROM_UNGAUGED_TEST: Severe spatial redundancy: >95% nested inside gauged catchment 7009. Note: 0% observed streamflow means quantitative evaluation against ground truth discharge is impossible.
07010,Brahmani-Baitarani,Brahmani,Kamakhyanagar Bridge,ZERO_FLOW_BRAHMANI-BAITARANI,ZERO_FLOW_BRAHMANI-BAITARANI,0.0,32697.0,20.7472,85.5556,ZERO_FLOW_BRAHMANI-BAITARANI,EXCLUDED_UNGAUGED_NESTED,EXCLUDE_FROM_UNGAUGED_TEST: Severe spatial redundancy: >95% nested inside gauged catchment 7009. Note: 0% observed streamflow means quantitative evaluation against ground truth discharge is impossible.
07012,Brahmani-Baitarani,Brahmani,Rengali (Seasonal),ZERO_FLOW_BRAHMANI-BAITARANI,ZERO_FLOW_BRAHMANI-BAITARANI,0.0,25250.0,21.25,85.0417,ZERO_FLOW_BRAHMANI-BAITARANI,EXCLUDED_UNGAUGED_NESTED,EXCLUDE_FROM_UNGAUGED_TEST: Severe spatial redundancy: >95% nested inside gauged catchment 7007. Note: 0% observed streamflow means quantitative evaluation against ground truth discharge is impossible.
07013,Brahmani-Baitarani,Baitarni,Swampatna,ZERO_FLOW_BRAHMANI-BAITARANI,ZERO_FLOW_BRAHMANI-BAITARANI,0.0,6345.0,21.6167,85.9167,ZERO_FLOW_BRAHMANI-BAITARANI,EXCLUDED_UNGAUGED_NESTED,EXCLUDE_FROM_UNGAUGED_TEST: Severe spatial redundancy: >95% nested inside gauged catchment 7002. Note: 0% observed streamflow means quantitative evaluation against ground truth discharge is impossible.
08002,Mahanadi,Mahanadi/Sindolijore,Arampur,ZERO_FLOW_MAHANADI,ZERO_FLOW_MAHANADI,0.0,379.0,20.8039,84.6,ZERO_FLOW_MAHANADI,EXCLUDED_UNGAUGED_NESTED,EXCLUDE_FROM_UNGAUGED_TEST: Severe spatial redundancy: >95% nested inside gauged catchment 8038. Note: 0% observed streamflow means quantitative evaluation against ground truth discharge is impossible.
08004,Mahanadi,Mahanadi/Hasdeo,Bangodam,ZERO_FLOW_MAHANADI,ZERO_FLOW_MAHANADI,0.0,6730.0,22.6,82.5858,ZERO_FLOW_MAHANADI,EXCLUDED_UNGAUGED_NESTED,EXCLUDE_FROM_UNGAUGED_TEST: Severe spatial redundancy: >95% nested inside gauged catchment 8003. Note: 0% observed streamflow means quantitative evaluation against ground truth discharge is impossible.
08008,Mahanadi,Mahanadi/Mand,Dharamjaigarh,ZERO_FLOW_MAHANADI,ZERO_FLOW_MAHANADI,0.0,2050.0,22.4722,83.2181,ZERO_FLOW_MAHANADI,EXCLUDED_UNGAUGED_NESTED,EXCLUDE_FROM_UNGAUGED_TEST: Severe spatial redundancy: >95% nested inside gauged catchment 8021. Note: 0% observed streamflow means quantitative evaluation against ground truth discharge is impossible.
08014,Mahanadi,Ahiran,Kataghora,ZERO_FLOW_MAHANADI,ZERO_FLOW_MAHANADI,0.0,307.0,22.4919,82.5386,ZERO_FLOW_MAHANADI,EXCLUDED_UNGAUGED_NESTED,EXCLUDE_FROM_UNGAUGED_TEST: Severe spatial redundancy: >95% nested inside gauged catchment 8003. Note: 0% observed streamflow means quantitative evaluation against ground truth discharge is impossible.
08017,Mahanadi,Mahanadi,Khairmal,ZERO_FLOW_MAHANADI,ZERO_FLOW_MAHANADI,0.0,104400.0,20.8386,84.0,ZERO_FLOW_MAHANADI,EXCLUDED_UNGAUGED_NESTED,"EXCLUDE_FROM_UNGAUGED_TEST: Extreme macro-catchment scale (118487.6 km2 > 100,000 km2); spans continental basin with complex multi-tributary dynamics. Note: 0% observed streamflow means quantitative evaluation against ground truth discharge is impossible."
08018,Mahanadi,Mahanadi/Kusumi,Khandapara,ZERO_FLOW_MAHANADI,ZERO_FLOW_MAHANADI,0.0,1282.0,20.2558,85.1867,ZERO_FLOW_MAHANADI,POSSIBLE_UNGAUGED_DEPLOYMENT,POSSIBLE_UNGAUGED_TARGET: Usable with caveats: moderate regulation (3 dams) or partial spatial overlap (1.0%) with gauged basin. Note: 0% observed streamflow means quantitative evaluation against ground truth discharge is impossible.
08019,Mahanadi,Mahanadi/Hasdeo,Korba,ZERO_FLOW_MAHANADI,ZERO_FLOW_MAHANADI,0.0,7700.0,22.3583,82.6875,ZERO_FLOW_MAHANADI,EXCLUDED_UNGAUGED_NESTED,EXCLUDE_FROM_UNGAUGED_TEST: Severe spatial redundancy: >95% nested inside gauged catchment 8003. Note: 0% observed streamflow means quantitative evaluation against ground truth discharge is impossible.
08022,Mahanadi,Pairi,Malegaon,ZERO_FLOW_MAHANADI,ZERO_FLOW_MAHANADI,0.0,1276.0,20.6567,82.0389,ZERO_FLOW_MAHANADI,EXCLUDED_UNGAUGED_NESTED,EXCLUDE_FROM_UNGAUGED_TEST: Severe spatial redundancy: >95% nested inside gauged catchment 8005. Note: 0% observed streamflow means quantitative evaluation against ground truth discharge is impossible.
08024,Mahanadi,Mahanadi/Bheden,Mohulpali,ZERO_FLOW_MAHANADI,ZERO_FLOW_MAHANADI,0.0,406.0,21.875,84.3772,ZERO_FLOW_MAHANADI,EXCLUDED_UNGAUGED_NESTED,EXCLUDE_FROM_UNGAUGED_TEST: Severe spatial redundancy: >95% nested inside gauged catchment 8038. Note: 0% observed streamflow means quantitative evaluation against ground truth discharge is impossible.
08026,Mahanadi,Mahanadi,Padmabati,ZERO_FLOW_MAHANADI,ZERO_FLOW_MAHANADI,0.0,132750.0,20.3433,85.3111,ZERO_FLOW_MAHANADI,EXCLUDED_UNGAUGED_NESTED,"EXCLUDE_FROM_UNGAUGED_TEST: Extreme macro-catchment scale (131360.5 km2 > 100,000 km2); spans continental basin with complex multi-tributary dynamics. Note: 0% observed streamflow means quantitative evaluation against ground truth discharge is impossible."
08032,Mahanadi,Mahanadi/Jonk,Sankara,ZERO_FLOW_MAHANADI,ZERO_FLOW_MAHANADI,0.0,2300.0,21.2875,82.6506,ZERO_FLOW_MAHANADI,EXCLUDED_UNGAUGED_NESTED,EXCLUDE_FROM_UNGAUGED_TEST: Severe spatial redundancy: >95% nested inside gauged catchment 8006. Note: 0% observed streamflow means quantitative evaluation against ground truth discharge is impossible.
08033,Mahanadi,Mahanadi,Sarangpal,ZERO_FLOW_MAHANADI,ZERO_FLOW_MAHANADI,0.0,2022.0,20.3128,81.5319,ZERO_FLOW_MAHANADI,EXCLUDED_UNGAUGED_NESTED,EXCLUDE_FROM_UNGAUGED_TEST: Severe spatial redundancy: >95% nested inside gauged catchment 8006. Note: 0% observed streamflow means quantitative evaluation against ground truth discharge is impossible.
08037,Mahanadi,Mahanadi/Ib,Thettatanagar,ZERO_FLOW_MAHANADI,ZERO_FLOW_MAHANADI,0.0,2500.0,22.6675,83.9083,ZERO_FLOW_MAHANADI,EXCLUDED_UNGAUGED_NESTED,EXCLUDE_FROM_UNGAUGED_TEST: Severe spatial redundancy: >95% nested inside gauged catchment 8036. Note: 0% observed streamflow means quantitative evaluation against ground truth discharge is impossible.
09003,Pennar,Boggeru,Dipuru,ZERO_FLOW_PENNAR,ZERO_FLOW_PENNAR,0.0,1115.0,14.6192,79.5611,ZERO_FLOW_PENNAR,EXCLUDED_UNGAUGED_NESTED,EXCLUDE_FROM_UNGAUGED_TEST: Severe spatial redundancy: >95% nested inside gauged catchment 9009. Note: 0% observed streamflow means quantitative evaluation against ground truth discharge is impossible.
09010,Pennar,Cheyyuru,Rayachoti,ZERO_FLOW_PENNAR,ZERO_FLOW_PENNAR,0.0,406.0,14.0822,78.7553,ZERO_FLOW_PENNAR,EXCLUDED_UNGAUGED_NESTED,EXCLUDE_FROM_UNGAUGED_TEST: Severe spatial redundancy: >95% nested inside gauged catchment 9009. Note: 0% observed streamflow means quantitative evaluation against ground truth discharge is impossible.
10001,Mahi,Som,Amarpura,ZERO_FLOW_MAHI,ZERO_FLOW_MAHI,0.0,472.0,24.2875,73.8464,ZERO_FLOW_MAHI,EXCLUDED_UNGAUGED_NESTED,EXCLUDE_FROM_UNGAUGED_TEST: Severe spatial redundancy: >95% nested inside gauged catchment 10008. Note: 0% observed streamflow means quantitative evaluation against ground truth discharge is impossible.
10002,Mahi,Mahi/Anas,Anas PH-II,ZERO_FLOW_MAHI,ZERO_FLOW_MAHI,0.0,4650.0,23.3536,74.2336,ZERO_FLOW_MAHI,EXCLUDED_UNGAUGED_NESTED,EXCLUDE_FROM_UNGAUGED_TEST: Severe spatial redundancy: >95% nested inside gauged catchment 10008. Note: 0% observed streamflow means quantitative evaluation against ground truth discharge is impossible.
10003,Mahi,Mahi,Borwa,ZERO_FLOW_MAHI,ZERO_FLOW_MAHI,0.0,3070.0,23.2161,74.78,ZERO_FLOW_MAHI,EXCLUDED_UNGAUGED_NESTED,EXCLUDE_FROM_UNGAUGED_TEST: Severe spatial redundancy: >95% nested inside gauged catchment 10008. Note: 0% observed streamflow means quantitative evaluation against ground truth discharge is impossible.
10006,Mahi,Mahi,Kadana Dam,ZERO_FLOW_MAHI,ZERO_FLOW_MAHI,0.0,25520.0,23.3064,73.8253,ZERO_FLOW_MAHI,EXCLUDED_UNGAUGED_NESTED,EXCLUDE_FROM_UNGAUGED_TEST: Severe spatial redundancy: >95% nested inside gauged catchment 10008. Note: 0% observed streamflow means quantitative evaluation against ground truth discharge is impossible.
10009,Mahi,Mahi,Mahi Dam,ZERO_FLOW_MAHI,ZERO_FLOW_MAHI,0.0,6149.0,23.6286,74.5472,ZERO_FLOW_MAHI,EXCLUDED_UNGAUGED_NESTED,EXCLUDE_FROM_UNGAUGED_TEST: Severe spatial redundancy: >95% nested inside gauged catchment 10008. Note: 0% observed streamflow means quantitative evaluation against ground truth discharge is impossible.
10012,Mahi,Mahi/Panam,Panam Dam,ZERO_FLOW_MAHI,ZERO_FLOW_MAHI,0.0,2314.0,23.0539,73.7167,ZERO_FLOW_MAHI,EXCLUDED_UNGAUGED_NESTED,EXCLUDE_FROM_UNGAUGED_TEST: Severe spatial redundancy: >95% nested inside gauged catchment 10008. Note: 0% observed streamflow means quantitative evaluation against ground truth discharge is impossible.
10015,Mahi,Mahi/som,Somkamla Amba Dam,ZERO_FLOW_MAHI,ZERO_FLOW_MAHI,0.0,5376.0,23.9783,74.0325,ZERO_FLOW_MAHI,EXCLUDED_UNGAUGED_NESTED,EXCLUDE_FROM_UNGAUGED_TEST: Severe spatial redundancy: >95% nested inside gauged catchment 10008. Note: 0% observed streamflow means quantitative evaluation against ground truth discharge is impossible.
10016,Mahi,Mahi,Wanakbori,ZERO_FLOW_MAHI,ZERO_FLOW_MAHI,0.0,30665.0,22.9475,73.4294,ZERO_FLOW_MAHI,EXCLUDED_UNGAUGED_NESTED,EXCLUDE_FROM_UNGAUGED_TEST: Severe spatial redundancy: >95% nested inside gauged catchment 10008. Note: 0% observed streamflow means quantitative evaluation against ground truth discharge is impossible.
11002,Sabarmati,Sabarmati,Dharoi Dam,ZERO_FLOW_SABARMATI,ZERO_FLOW_SABARMATI,0.0,5475.0,24.0036,72.8567,ZERO_FLOW_SABARMATI,EXCLUDED_UNGAUGED_NESTED,EXCLUDE_FROM_UNGAUGED_TEST: Severe spatial redundancy: >95% nested inside gauged catchment 11001. Note: 0% observed streamflow means quantitative evaluation against ground truth discharge is impossible.
11003,Sabarmati,Sabarmati/Harnav,Harnav Weir,ZERO_FLOW_SABARMATI,ZERO_FLOW_SABARMATI,0.0,401.0,24.0303,73.1725,ZERO_FLOW_SABARMATI,EXCLUDED_UNGAUGED_NESTED,EXCLUDE_FROM_UNGAUGED_TEST: Severe spatial redundancy: >95% nested inside gauged catchment 11001. Note: 0% observed streamflow means quantitative evaluation against ground truth discharge is impossible.
11004,Sabarmati,Sabarmati/Hathamati,Hathmati Weir,ZERO_FLOW_SABARMATI,ZERO_FLOW_SABARMATI,0.0,1357.0,23.6061,72.9678,ZERO_FLOW_SABARMATI,EXCLUDED_UNGAUGED_NESTED,EXCLUDE_FROM_UNGAUGED_TEST: Severe spatial redundancy: >95% nested inside gauged catchment 11010. Note: 0% observed streamflow means quantitative evaluation against ground truth discharge is impossible.
11008,Sabarmati,Sabarmati/Sei,Sei Dam,ZERO_FLOW_SABARMATI,ZERO_FLOW_SABARMATI,0.0,332.0,24.7156,73.2,ZERO_FLOW_SABARMATI,EXCLUDED_UNGAUGED_NESTED,EXCLUDE_FROM_UNGAUGED_TEST: Severe spatial redundancy: >95% nested inside gauged catchment 11001. Note: 0% observed streamflow means quantitative evaluation against ground truth discharge is impossible.
11009,Sabarmati,Sabarmati,Subhash Bridge,ZERO_FLOW_SABARMATI,ZERO_FLOW_SABARMATI,0.0,10674.0,23.0597,72.5872,ZERO_FLOW_SABARMATI,EXCLUDED_UNGAUGED_NESTED,EXCLUDE_FROM_UNGAUGED_TEST: Severe spatial redundancy: >95% nested inside gauged catchment 11010. Note: 0% observed streamflow means quantitative evaluation against ground truth discharge is impossible.
11011,Sabarmati,Sabarmati/Watrak,Watrak Dam,ZERO_FLOW_SABARMATI,ZERO_FLOW_SABARMATI,0.0,1114.0,23.3147,73.4167,ZERO_FLOW_SABARMATI,EXCLUDED_UNGAUGED_NESTED,EXCLUDE_FROM_UNGAUGED_TEST: Severe spatial redundancy: >95% nested inside gauged catchment 11007. Note: 0% observed streamflow means quantitative evaluation against ground truth discharge is impossible.
12002,Narmada,Machak,Barangi,ZERO_FLOW_NARMADA,ZERO_FLOW_NARMADA,0.0,1030.0,22.2206,76.9439,ZERO_FLOW_NARMADA,EXCLUDED_UNGAUGED_NESTED,EXCLUDE_FROM_UNGAUGED_TEST: Severe spatial redundancy: >95% nested inside gauged catchment 12020. Note: 0% observed streamflow means quantitative evaluation against ground truth discharge is impossible.
12003,Narmada,Narmada,Barginagar,ZERO_FLOW_NARMADA,ZERO_FLOW_NARMADA,0.0,14561.0,22.9403,79.9231,ZERO_FLOW_NARMADA,EXCLUDED_UNGAUGED_NESTED,EXCLUDE_FROM_UNGAUGED_TEST: Severe spatial redundancy: >95% nested inside gauged catchment 12004. Note: 0% observed streamflow means quantitative evaluation against ground truth discharge is impossible.
12005,Narmada,Choral,Barwah,ZERO_FLOW_NARMADA,ZERO_FLOW_NARMADA,0.0,395.0,22.2461,76.0517,ZERO_FLOW_NARMADA,EXCLUDED_UNGAUGED_NESTED,EXCLUDE_FROM_UNGAUGED_TEST: Severe spatial redundancy: >95% nested inside gauged catchment 12020. Note: 0% observed streamflow means quantitative evaluation against ground truth discharge is impossible.
12007,Narmada,Chota Tawa,Bhamgarh,ZERO_FLOW_NARMADA,ZERO_FLOW_NARMADA,0.0,2276.0,21.8433,76.5044,ZERO_FLOW_NARMADA,EXCLUDED_UNGAUGED_NESTED,EXCLUDE_FROM_UNGAUGED_TEST: Severe spatial redundancy: >95% nested inside gauged catchment 12020. Note: 0% observed streamflow means quantitative evaluation against ground truth discharge is impossible.
12008,Narmada,Narmada,Bharuch,ZERO_FLOW_NARMADA,ZERO_FLOW_NARMADA,0.0,98796.0,21.6922,73.0058,ZERO_FLOW_NARMADA,EXCLUDED_UNGAUGED_NESTED,EXCLUDE_FROM_UNGAUGED_TEST: Heavily regulated anthropogenic basin (75 large/medium dams); flow completely altered by artificial management. Note: 0% observed streamflow means quantitative evaluation against ground truth discharge is impossible.
12010,Narmada,Narmada/Saner,Chargaon,ZERO_FLOW_NARMADA,ZERO_FLOW_NARMADA,0.0,537.0,23.0556,79.5986,ZERO_FLOW_NARMADA,EXCLUDED_UNGAUGED_NESTED,EXCLUDE_FROM_UNGAUGED_TEST: Severe spatial redundancy: >95% nested inside gauged catchment 12004. Note: 0% observed streamflow means quantitative evaluation against ground truth discharge is impossible.
12011,Narmada,Kalimachak,Charuwa,ZERO_FLOW_NARMADA,ZERO_FLOW_NARMADA,0.0,223.0,22.0739,76.9147,ZERO_FLOW_NARMADA,EXCLUDED_UNGAUGED_NESTED,EXCLUDE_FROM_UNGAUGED_TEST: Severe spatial redundancy: >95% nested inside gauged catchment 12020. Note: 0% observed streamflow means quantitative evaluation against ground truth discharge is impossible.
12013,Narmada,Karam,Dahiwar,ZERO_FLOW_NARMADA,ZERO_FLOW_NARMADA,0.0,670.0,22.2278,75.5183,ZERO_FLOW_NARMADA,EXCLUDED_UNGAUGED_NESTED,EXCLUDE_FROM_UNGAUGED_TEST: Severe spatial redundancy: >95% nested inside gauged catchment 12020. Note: 0% observed streamflow means quantitative evaluation against ground truth discharge is impossible.
12014,Narmada,Narmada/Sip,Dholpur,ZERO_FLOW_NARMADA,ZERO_FLOW_NARMADA,0.0,731.0,22.6094,77.2,ZERO_FLOW_NARMADA,EXCLUDED_UNGAUGED_NESTED,EXCLUDE_FROM_UNGAUGED_TEST: Severe spatial redundancy: >95% nested inside gauged catchment 12020. Note: 0% observed streamflow means quantitative evaluation against ground truth discharge is impossible.
12017,Narmada,Datuni,Dudhwas,ZERO_FLOW_NARMADA,ZERO_FLOW_NARMADA,0.0,1170.0,22.4722,76.7872,ZERO_FLOW_NARMADA,EXCLUDED_UNGAUGED_NESTED,EXCLUDE_FROM_UNGAUGED_TEST: Severe spatial redundancy: >95% nested inside gauged catchment 12020. Note: 0% observed streamflow means quantitative evaluation against ground truth discharge is impossible.
12019,Narmada,Chrkar,Gadasarai,ZERO_FLOW_NARMADA,ZERO_FLOW_NARMADA,0.0,647.0,22.8264,81.3244,ZERO_FLOW_NARMADA,EXCLUDED_UNGAUGED_NESTED,EXCLUDE_FROM_UNGAUGED_TEST: Severe spatial redundancy: >95% nested inside gauged catchment 12004. Note: 0% observed streamflow means quantitative evaluation against ground truth discharge is impossible.
12021,Narmada,Belkund,Ghunghara,ZERO_FLOW_NARMADA,ZERO_FLOW_NARMADA,0.0,1075.0,23.4892,80.1978,ZERO_FLOW_NARMADA,EXCLUDED_UNGAUGED_NESTED,EXCLUDE_FROM_UNGAUGED_TEST: Severe spatial redundancy: >95% nested inside gauged catchment 12004. Note: 0% observed streamflow means quantitative evaluation against ground truth discharge is impossible.
12022,Narmada,Machrar,Gidha,ZERO_FLOW_NARMADA,ZERO_FLOW_NARMADA,0.0,225.0,22.9086,81.1939,ZERO_FLOW_NARMADA,EXCLUDED_UNGAUGED_NESTED,EXCLUDE_FROM_UNGAUGED_TEST: Severe spatial redundancy: >95% nested inside gauged catchment 12004. Note: 0% observed streamflow means quantitative evaluation against ground truth discharge is impossible.
12023,Narmada,Maan,Gopalpura,ZERO_FLOW_NARMADA,ZERO_FLOW_NARMADA,0.0,957.0,22.2583,75.1019,ZERO_FLOW_NARMADA,EXCLUDED_UNGAUGED_NESTED,EXCLUDE_FROM_UNGAUGED_TEST: Severe spatial redundancy: >95% nested inside gauged catchment 12020. Note: 0% observed streamflow means quantitative evaluation against ground truth discharge is impossible.
12024,Narmada,Narmada,Gorakhpur,ZERO_FLOW_NARMADA,ZERO_FLOW_NARMADA,0.0,1522.0,22.77,81.4547,ZERO_FLOW_NARMADA,EXCLUDED_UNGAUGED_NESTED,EXCLUDE_FROM_UNGAUGED_TEST: Severe spatial redundancy: >95% nested inside gauged catchment 12004. Note: 0% observed streamflow means quantitative evaluation against ground truth discharge is impossible.
12027,Narmada,Narmada,Indirasagar Dam,ZERO_FLOW_NARMADA,ZERO_FLOW_NARMADA,0.0,61642.0,22.2822,76.4706,ZERO_FLOW_NARMADA,EXCLUDED_UNGAUGED_NESTED,EXCLUDE_FROM_UNGAUGED_TEST: Severe spatial redundancy: >95% nested inside gauged catchment 12020. Note: 0% observed streamflow means quantitative evaluation against ground truth discharge is impossible.
12028,Narmada,Narmada/Deb,Khajuri,ZERO_FLOW_NARMADA,ZERO_FLOW_NARMADA,0.0,676.0,21.9708,75.2581,ZERO_FLOW_NARMADA,EXCLUDED_UNGAUGED_NESTED,EXCLUDE_FROM_UNGAUGED_TEST: Severe spatial redundancy: >95% nested inside gauged catchment 12020. Note: 0% observed streamflow means quantitative evaluation against ground truth discharge is impossible.
12030,Narmada,Silgi,Kotrai,ZERO_FLOW_NARMADA,ZERO_FLOW_NARMADA,0.0,881.0,22.9853,80.5961,ZERO_FLOW_NARMADA,EXCLUDED_UNGAUGED_NESTED,EXCLUDE_FROM_UNGAUGED_TEST: Severe spatial redundancy: >95% nested inside gauged catchment 12004. Note: 0% observed streamflow means quantitative evaluation against ground truth discharge is impossible.
12031,Narmada,Narmada,Maalpur,ZERO_FLOW_NARMADA,ZERO_FLOW_NARMADA,0.0,548.0,23.0589,80.8397,ZERO_FLOW_NARMADA,EXCLUDED_UNGAUGED_NESTED,EXCLUDE_FROM_UNGAUGED_TEST: Severe spatial redundancy: >95% nested inside gauged catchment 12004. Note: 0% observed streamflow means quantitative evaluation against ground truth discharge is impossible.
12032,Narmada,Pariyat,Maatamar,ZERO_FLOW_NARMADA,ZERO_FLOW_NARMADA,0.0,406.0,23.225,80.025,ZERO_FLOW_NARMADA,EXCLUDED_UNGAUGED_NESTED,EXCLUDE_FROM_UNGAUGED_TEST: Severe spatial redundancy: >95% nested inside gauged catchment 12004. Note: 0% observed streamflow means quantitative evaluation against ground truth discharge is impossible.
12033,Narmada,Narmada/Tenduni,Mahehwar,ZERO_FLOW_NARMADA,ZERO_FLOW_NARMADA,0.0,1331.0,22.9792,78.3208,ZERO_FLOW_NARMADA,EXCLUDED_UNGAUGED_NESTED,EXCLUDE_FROM_UNGAUGED_TEST: Severe spatial redundancy: >95% nested inside gauged catchment 12020. Note: 0% observed streamflow means quantitative evaluation against ground truth discharge is impossible.
12034,Narmada,Narmada,Mandla,ZERO_FLOW_NARMADA,ZERO_FLOW_NARMADA,0.0,13000.0,22.5992,80.3639,ZERO_FLOW_NARMADA,EXCLUDED_UNGAUGED_NESTED,EXCLUDE_FROM_UNGAUGED_TEST: Severe spatial redundancy: >95% nested inside gauged catchment 12004. Note: 0% observed streamflow means quantitative evaluation against ground truth discharge is impossible.
12037,Narmada,Narmada/Denva,Matkuli,ZERO_FLOW_NARMADA,ZERO_FLOW_NARMADA,0.0,751.0,22.5856,78.4592,ZERO_FLOW_NARMADA,EXCLUDED_UNGAUGED_NESTED,EXCLUDE_FROM_UNGAUGED_TEST: Severe spatial redundancy: >95% nested inside gauged catchment 12020. Note: 0% observed streamflow means quantitative evaluation against ground truth discharge is impossible.
12040,Narmada,Narmada/Banjar,Mukki,ZERO_FLOW_NARMADA,ZERO_FLOW_NARMADA,0.0,968.0,22.1506,80.665,ZERO_FLOW_NARMADA,EXCLUDED_UNGAUGED_NESTED,EXCLUDE_FROM_UNGAUGED_TEST: Severe spatial redundancy: >95% nested inside gauged catchment 12001. Note: 0% observed streamflow means quantitative evaluation against ground truth discharge is impossible.
12041,Narmada,Narmada/Dhudhi,Panagar,ZERO_FLOW_NARMADA,ZERO_FLOW_NARMADA,0.0,868.0,22.8369,78.6028,ZERO_FLOW_NARMADA,EXCLUDED_UNGAUGED_NESTED,EXCLUDE_FROM_UNGAUGED_TEST: Severe spatial redundancy: >95% nested inside gauged catchment 12020. Note: 0% observed streamflow means quantitative evaluation against ground truth discharge is impossible.
12042,Narmada,Narmada/Phen,Paratola,ZERO_FLOW_NARMADA,ZERO_FLOW_NARMADA,0.0,2021.0,22.5289,80.9917,ZERO_FLOW_NARMADA,EXCLUDED_UNGAUGED_NESTED,EXCLUDE_FROM_UNGAUGED_TEST: Severe spatial redundancy: >95% nested inside gauged catchment 12004. Note: 0% observed streamflow means quantitative evaluation against ground truth discharge is impossible.
12045,Narmada,Narmada/Karjan,Rajpipla,ZERO_FLOW_NARMADA,ZERO_FLOW_NARMADA,0.0,1440.0,21.8778,73.4967,ZERO_FLOW_NARMADA,POSSIBLE_UNGAUGED_DEPLOYMENT,POSSIBLE_UNGAUGED_TARGET: Usable with caveats: moderate regulation (1 dams) or partial spatial overlap (1.3%) with gauged basin. Note: 0% observed streamflow means quantitative evaluation against ground truth discharge is impossible.
12047,Narmada,Narmada/Beda,Satwadi,ZERO_FLOW_NARMADA,ZERO_FLOW_NARMADA,0.0,3410.0,21.9831,75.7036,ZERO_FLOW_NARMADA,EXCLUDED_UNGAUGED_NESTED,EXCLUDE_FROM_UNGAUGED_TEST: Severe spatial redundancy: >95% nested inside gauged catchment 12020. Note: 0% observed streamflow means quantitative evaluation against ground truth discharge is impossible.
12049,Narmada,Tawa,Tawakathi,ZERO_FLOW_NARMADA,ZERO_FLOW_NARMADA,0.0,1090.0,22.2006,77.9558,ZERO_FLOW_NARMADA,EXCLUDED_UNGAUGED_NESTED,EXCLUDE_FROM_UNGAUGED_TEST: Severe spatial redundancy: >95% nested inside gauged catchment 12020. Note: 0% observed streamflow means quantitative evaluation against ground truth discharge is impossible.
12050,Narmada,Narmada,Tawanagar,ZERO_FLOW_NARMADA,ZERO_FLOW_NARMADA,0.0,6060.0,22.5633,77.9761,ZERO_FLOW_NARMADA,EXCLUDED_UNGAUGED_NESTED,EXCLUDE_FROM_UNGAUGED_TEST: Severe spatial redundancy: >95% nested inside gauged catchment 12020. Note: 0% observed streamflow means quantitative evaluation against ground truth discharge is impossible.
12051,Narmada,Narmada/Barod,Thikri,ZERO_FLOW_NARMADA,ZERO_FLOW_NARMADA,0.0,659.0,22.075,75.405,ZERO_FLOW_NARMADA,EXCLUDED_UNGAUGED_NESTED,EXCLUDE_FROM_UNGAUGED_TEST: Severe spatial redundancy: >95% nested inside gauged catchment 12020. Note: 0% observed streamflow means quantitative evaluation against ground truth discharge is impossible.
12052,Narmada,Narmada/Kolar,Veerpur,ZERO_FLOW_NARMADA,ZERO_FLOW_NARMADA,0.0,508.0,22.9708,77.3461,ZERO_FLOW_NARMADA,EXCLUDED_UNGAUGED_NESTED,EXCLUDE_FROM_UNGAUGED_TEST: Severe spatial redundancy: >95% nested inside gauged catchment 12020. Note: 0% observed streamflow means quantitative evaluation against ground truth discharge is impossible.
13001,Tapi,Tapi/Amravati,Balasana(Malp ur),ZERO_FLOW_TAPI,ZERO_FLOW_TAPI,0.0,347.0,21.2872,74.5103,ZERO_FLOW_TAPI,EXCLUDED_UNGAUGED_NESTED,EXCLUDE_FROM_UNGAUGED_TEST: Severe spatial redundancy: >95% nested inside gauged catchment 13007. Note: 0% observed streamflow means quantitative evaluation against ground truth discharge is impossible.
13002,Tapi,Tapi/Titur,Bambrul,ZERO_FLOW_TAPI,ZERO_FLOW_TAPI,0.0,930.0,20.6625,75.2703,ZERO_FLOW_TAPI,EXCLUDED_UNGAUGED_NESTED,EXCLUDE_FROM_UNGAUGED_TEST: Severe spatial redundancy: >95% nested inside gauged catchment 13007. Note: 0% observed streamflow means quantitative evaluation against ground truth discharge is impossible.
13005,Tapi,Tapi/Girna,Dahigaon,ZERO_FLOW_TAPI,ZERO_FLOW_TAPI,0.0,8599.0,20.8336,75.4239,ZERO_FLOW_TAPI,EXCLUDED_UNGAUGED_NESTED,EXCLUDE_FROM_UNGAUGED_TEST: Severe spatial redundancy: >95% nested inside gauged catchment 13007. Note: 0% observed streamflow means quantitative evaluation against ground truth discharge is impossible.
13009,Tapi,Tapi/Girna,Girna Dam,ZERO_FLOW_TAPI,ZERO_FLOW_TAPI,0.0,4729.0,20.4744,74.7139,ZERO_FLOW_TAPI,EXCLUDED_UNGAUGED_NESTED,EXCLUDE_FROM_UNGAUGED_TEST: Severe spatial redundancy: >95% nested inside gauged catchment 13007. Note: 0% observed streamflow means quantitative evaluation against ground truth discharge is impossible.
13011,Tapi,Tapi,Hathnur,ZERO_FLOW_TAPI,ZERO_FLOW_TAPI,0.0,29430.0,21.0719,75.9458,ZERO_FLOW_TAPI,EXCLUDED_UNGAUGED_NESTED,EXCLUDE_FROM_UNGAUGED_TEST: Severe spatial redundancy: >95% nested inside gauged catchment 13007. Note: 0% observed streamflow means quantitative evaluation against ground truth discharge is impossible.
13014,Tapi,Tapi,Nawtha,ZERO_FLOW_TAPI,ZERO_FLOW_TAPI,0.0,8041.0,21.4325,76.4378,ZERO_FLOW_TAPI,EXCLUDED_UNGAUGED_NESTED,EXCLUDE_FROM_UNGAUGED_TEST: Severe spatial redundancy: >95% nested inside gauged catchment 13004. Note: 0% observed streamflow means quantitative evaluation against ground truth discharge is impossible.
13015,Tapi,Tapi/Vanoli,Pimpri,ZERO_FLOW_TAPI,ZERO_FLOW_TAPI,0.0,324.0,21.1283,75.6672,ZERO_FLOW_TAPI,EXCLUDED_UNGAUGED_NESTED,EXCLUDE_FROM_UNGAUGED_TEST: Severe spatial redundancy: >95% nested inside gauged catchment 13007. Note: 0% observed streamflow means quantitative evaluation against ground truth discharge is impossible.
13018,Tapi,Tapi/Manyad,Saygaon,ZERO_FLOW_TAPI,ZERO_FLOW_TAPI,0.0,911.0,20.505,74.7942,ZERO_FLOW_TAPI,EXCLUDED_UNGAUGED_NESTED,EXCLUDE_FROM_UNGAUGED_TEST: Severe spatial redundancy: >95% nested inside gauged catchment 13007. Note: 0% observed streamflow means quantitative evaluation against ground truth discharge is impossible.
13019,Tapi,Tapi/Buray,Shindhkheda,ZERO_FLOW_TAPI,ZERO_FLOW_TAPI,0.0,1080.0,21.2686,74.7494,ZERO_FLOW_TAPI,EXCLUDED_UNGAUGED_NESTED,EXCLUDE_FROM_UNGAUGED_TEST: Severe spatial redundancy: >95% nested inside gauged catchment 13007. Note: 0% observed streamflow means quantitative evaluation against ground truth discharge is impossible.
13020,Tapi,Tapi/Arunawati,Shirpur,ZERO_FLOW_TAPI,ZERO_FLOW_TAPI,0.0,700.0,21.3389,74.8908,ZERO_FLOW_TAPI,EXCLUDED_UNGAUGED_NESTED,EXCLUDE_FROM_UNGAUGED_TEST: Severe spatial redundancy: >95% nested inside gauged catchment 13007. Note: 0% observed streamflow means quantitative evaluation against ground truth discharge is impossible.
13021,Tapi,Tapi,Surat(Seasonal),ZERO_FLOW_TAPI,ZERO_FLOW_TAPI,0.0,63973.0,21.1972,72.815,ZERO_FLOW_TAPI,EXCLUDED_UNGAUGED_NESTED,EXCLUDE_FROM_UNGAUGED_TEST: Severe spatial redundancy: >95% nested inside gauged catchment 13007. Note: 0% observed streamflow means quantitative evaluation against ground truth discharge is impossible.
13022,Tapi,Tapi/Purna/Nalganga,Talaswada,ZERO_FLOW_TAPI,ZERO_FLOW_TAPI,0.0,983.0,20.9467,76.2031,ZERO_FLOW_TAPI,EXCLUDED_UNGAUGED_NESTED,EXCLUDE_FROM_UNGAUGED_TEST: Severe spatial redundancy: >95% nested inside gauged catchment 13007. Note: 0% observed streamflow means quantitative evaluation against ground truth discharge is impossible.
13024,Tapi,Tapi,Ukai Dam,ZERO_FLOW_TAPI,ZERO_FLOW_TAPI,0.0,62225.0,21.25,73.5925,ZERO_FLOW_TAPI,EXCLUDED_UNGAUGED_NESTED,EXCLUDE_FROM_UNGAUGED_TEST: Severe spatial redundancy: >95% nested inside gauged catchment 13007. Note: 0% observed streamflow means quantitative evaluation against ground truth discharge is impossible.
14006,WFRN,Damanganga,Madhuban Dam,ZERO_FLOW_WFRN,ZERO_FLOW_WFRN,0.0,1800.0,20.1931,73.0608,ZERO_FLOW_WFRN,POSSIBLE_UNGAUGED_DEPLOYMENT,POSSIBLE_UNGAUGED_TARGET: Usable with caveats: moderate regulation (14 dams) or partial spatial overlap (40.9%) with gauged basin. Note: 0% observed streamflow means quantitative evaluation against ground truth discharge is impossible.
14007,WFRN,Savitri,Mahad,ZERO_FLOW_WFRN,ZERO_FLOW_WFRN,0.0,758.6,18.0922,73.4603,ZERO_FLOW_WFRN,POSSIBLE_UNGAUGED_DEPLOYMENT,POSSIBLE_UNGAUGED_TARGET: Usable with caveats: moderate regulation (7 dams) or partial spatial overlap (2.2%) with gauged basin. Note: 0% observed streamflow means quantitative evaluation against ground truth discharge is impossible.
14010,WFRN,Vashishti,Muradpur,ZERO_FLOW_WFRN,ZERO_FLOW_WFRN,0.0,636.0,17.5403,73.5236,ZERO_FLOW_WFRN,POSSIBLE_UNGAUGED_DEPLOYMENT,POSSIBLE_UNGAUGED_TARGET: Usable with caveats: moderate regulation (4 dams) or partial spatial overlap (1.7%) with gauged basin. Note: 0% observed streamflow means quantitative evaluation against ground truth discharge is impossible.
14016,WFRN,Damanganga,Silvassa,ZERO_FLOW_WFRN,ZERO_FLOW_WFRN,0.0,2122.0,20.2681,72.9856,ZERO_FLOW_WFRN,POSSIBLE_UNGAUGED_DEPLOYMENT,POSSIBLE_UNGAUGED_TARGET: Usable with caveats: moderate regulation (14 dams) or partial spatial overlap (34.6%) with gauged basin. Note: 0% observed streamflow means quantitative evaluation against ground truth discharge is impossible.
14017,WFRN,Damanganga,Vapi,ZERO_FLOW_WFRN,ZERO_FLOW_WFRN,0.0,2227.0,20.3386,72.9117,ZERO_FLOW_WFRN,POSSIBLE_UNGAUGED_DEPLOYMENT,POSSIBLE_UNGAUGED_TARGET: Usable with caveats: moderate regulation (14 dams) or partial spatial overlap (33.0%) with gauged basin. Note: 0% observed streamflow means quantitative evaluation against ground truth discharge is impossible.
15029,WFRS,Iruvazhinjipuzha,Thottathinkadavu,ZERO_FLOW_WFRS,ZERO_FLOW_WFRS,0.0,177.0,11.3619,76.0019,ZERO_FLOW_WFRS,OPERATIONAL_UNGAUGED_DEPLOYMENT,"GOOD_UNGAUGED_TARGET: Well-defined catchment (193.0 km2), 0 dams, clean natural drainage, complete daily forcings and static attributes. Note: 0% observed streamflow means quantitative evaluation against ground truth discharge is impossible."
16002,EFRN,Vamsadhara,Gotta Barrage,ZERO_FLOW_EFRN,ZERO_FLOW_EFRN,0.0,9300.0,18.7,83.9667,ZERO_FLOW_EFRN,POSSIBLE_UNGAUGED_DEPLOYMENT,POSSIBLE_UNGAUGED_TARGET: Usable with caveats: moderate regulation (4 dams) or partial spatial overlap (82.1%) with gauged basin. Note: 0% observed streamflow means quantitative evaluation against ground truth discharge is impossible.
16003,EFRN,Vamsadhara,Gudari,ZERO_FLOW_EFRN,ZERO_FLOW_EFRN,0.0,3172.0,19.3461,83.7775,ZERO_FLOW_EFRN,EXCLUDED_UNGAUGED_NESTED,EXCLUDE_FROM_UNGAUGED_TEST: Severe spatial redundancy: >95% nested inside gauged catchment 16004. Note: 0% observed streamflow means quantitative evaluation against ground truth discharge is impossible.
16005,EFRN,Nagavali,Jagaguda,ZERO_FLOW_EFRN,ZERO_FLOW_EFRN,0.0,2653.0,19.1278,83.4278,ZERO_FLOW_EFRN,EXCLUDED_UNGAUGED_NESTED,EXCLUDE_FROM_UNGAUGED_TEST: Severe spatial redundancy: >95% nested inside gauged catchment 16014. Note: 0% observed streamflow means quantitative evaluation against ground truth discharge is impossible.
16006,EFRN,Nagavali,Janjhavati Rd. Bridge,ZERO_FLOW_EFRN,ZERO_FLOW_EFRN,0.0,862.0,18.8611,83.4597,ZERO_FLOW_EFRN,EXCLUDED_UNGAUGED_NESTED,EXCLUDE_FROM_UNGAUGED_TEST: Severe spatial redundancy: >95% nested inside gauged catchment 16014. Note: 0% observed streamflow means quantitative evaluation against ground truth discharge is impossible.
16008,EFRN,Vamsadhara,Kutragada,ZERO_FLOW_EFRN,ZERO_FLOW_EFRN,0.0,663.0,19.6111,83.5644,ZERO_FLOW_EFRN,EXCLUDED_UNGAUGED_NESTED,EXCLUDE_FROM_UNGAUGED_TEST: Severe spatial redundancy: >95% nested inside gauged catchment 16004. Note: 0% observed streamflow means quantitative evaluation against ground truth discharge is impossible.
16009,EFRN,Vamsadhara/B adajore,Mahendragarh,ZERO_FLOW_EFRN,ZERO_FLOW_EFRN,0.0,185.0,19.2233,84.2625,ZERO_FLOW_EFRN,EXCLUDED_UNGAUGED_NESTED,EXCLUDE_FROM_UNGAUGED_TEST: Severe spatial redundancy: >95% nested inside gauged catchment 16004. Note: 0% observed streamflow means quantitative evaluation against ground truth discharge is impossible.
16011,EFRN,Vamsadhara/Harbhangi,Mohana,ZERO_FLOW_EFRN,ZERO_FLOW_EFRN,0.0,147.0,19.4447,84.2614,ZERO_FLOW_EFRN,EXCLUDED_UNGAUGED_NESTED,EXCLUDE_FROM_UNGAUGED_TEST: Severe spatial redundancy: >95% nested inside gauged catchment 16004. Note: 0% observed streamflow means quantitative evaluation against ground truth discharge is impossible.
16013,EFRN,Rushikulya,Sorada,ZERO_FLOW_EFRN,ZERO_FLOW_EFRN,0.0,1560.0,19.7556,84.4431,ZERO_FLOW_EFRN,EXCLUDED_UNGAUGED_NESTED,EXCLUDE_FROM_UNGAUGED_TEST: Severe spatial redundancy: >95% nested inside gauged catchment 16012. Note: 0% observed streamflow means quantitative evaluation against ground truth discharge is impossible.
17004,EFRS,Nandiyu,Ayalambedu,ZERO_FLOW_EFRS,ZERO_FLOW_EFRS,0.0,179.0,13.1286,79.4786,ZERO_FLOW_EFRS,OPERATIONAL_UNGAUGED_DEPLOYMENT,"GOOD_UNGAUGED_TARGET: Well-defined catchment (299.5 km2), 0 dams, clean natural drainage, complete daily forcings and static attributes. Note: 0% observed streamflow means quantitative evaluation against ground truth discharge is impossible."
17010,EFRS,Varahanadi,Maniyampattu,ZERO_FLOW_EFRS,ZERO_FLOW_EFRS,0.0,1055.0,12.2317,79.5147,ZERO_FLOW_EFRS,OPERATIONAL_UNGAUGED_DEPLOYMENT,"GOOD_UNGAUGED_TARGET: Well-defined catchment (936.2 km2), 0 dams, clean natural drainage, complete daily forcings and static attributes. Note: 0% observed streamflow means quantitative evaluation against ground truth discharge is impossible."
17013,EFRS,Poini,Narasingarayampet,ZERO_FLOW_EFRS,ZERO_FLOW_EFRS,0.0,1806.0,13.1878,79.2081,ZERO_FLOW_EFRS,EXCLUDED_UNGAUGED_NESTED,EXCLUDE_FROM_UNGAUGED_TEST: Severe spatial redundancy: >95% nested inside gauged catchment 17005. Note: 0% observed streamflow means quantitative evaluation against ground truth discharge is impossible.
17017,EFRS,Araniyar,Puduvayal,ZERO_FLOW_EFRS,ZERO_FLOW_EFRS,0.0,1215.0,13.3367,80.1461,ZERO_FLOW_EFRS,POSSIBLE_UNGAUGED_DEPLOYMENT,POSSIBLE_UNGAUGED_TARGET: Usable with caveats: moderate regulation (2 dams) or partial spatial overlap (0.6%) with gauged basin. Note: 0% observed streamflow means quantitative evaluation against ground truth discharge is impossible.
17020,EFRS,Gadilam,Thirunavalur,ZERO_FLOW_EFRS,ZERO_FLOW_EFRS,0.0,786.0,11.7464,79.4067,ZERO_FLOW_EFRS,OPERATIONAL_UNGAUGED_DEPLOYMENT,"GOOD_UNGAUGED_TARGET: Well-defined catchment (786.2 km2), 0 dams, clean natural drainage, complete daily forcings and static attributes. Note: 0% observed streamflow means quantitative evaluation against ground truth discharge is impossible."
17021,EFRS,Poiny,Thiruvalam,ZERO_FLOW_EFRS,ZERO_FLOW_EFRS,0.0,2295.0,12.9847,79.2672,ZERO_FLOW_EFRS,EXCLUDED_UNGAUGED_NESTED,EXCLUDE_FROM_UNGAUGED_TEST: Severe spatial redundancy: >95% nested inside gauged catchment 17005. Note: 0% observed streamflow means quantitative evaluation against ground truth discharge is impossible.
17023,EFRS,Swarnamukhi,Verupakshapuram,ZERO_FLOW_EFRS,ZERO_FLOW_EFRS,0.0,1675.0,13.7944,79.7022,ZERO_FLOW_EFRS,EXCLUDED_UNGAUGED_NESTED,EXCLUDE_FROM_UNGAUGED_TEST: Severe spatial redundancy: >95% nested inside gauged catchment 17012. Note: 0% observed streamflow means quantitative evaluation against ground truth discharge is impossible.
